18:32:23.298099: 10 80 00 00 00 00 02 c8 46 0c 00 00 46 00 05 0f 14 96 0a 1e 5a fa 05 0a 14 32 40 04 20 01 00 00 2c 01
18:32:23.457648: 10 80 00 00 00 00 02 c8 46 0c 00 00 46 00 05 0f 14 96 0a 1e 5a fa 05 0a 14 32 40 04 20 01 00 00 2c 01
18:32:23.496666: 10 80 00 00 00 00 02 c8 46 0c 00 00 46 00 05 0f 14 96 0a 1e 5a fa 05 0a 14 32 40 04 20 01 00 00 2c 01
18:32:23.537827: 10 80 00 00 00 00 02 c8 46 0c 00 00 46 00 05 0f 14 96 0a 1e 5a fa 05 0a 14 32 40 04 20 01 00 00 2c 01
18:32:23.572183: 10 70 08
18:32:23.592370: 10 70 08
18:32:23.612692: 10 70 08
18:32:23.633542: 10 70 08
18:32:23.653008: 10 70 08
18:32:23.673183: 10 70 08
18:32:23.693914: 10 80 a0 00 00 00 00 00
18:32:23.710646: 10 80 a0 00 00 00 00 00
18:32:23.731171: 10 80 a0 00 00 00 00 00
18:32:23.751696: 10 80 a0 00 00 00 00 00
18:32:23.771850: 10 80 a0 00 00 00 00 00
18:32:23.792867: 10 80 a0 00 00 00 00 00
18:32:23.813615: 10 80 a0 00 00 00 00 00
18:32:23.833744: 10 80 a0 00 00 00 00 00
18:32:23.853781: 10 80 a0 00 00 00 00 00
18:32:23.873961: 10 80 a0 00 00 00 00 00
18:32:23.891160: 10 80 a0 00 00 00 00 00
18:32:23.911651: 10 80 a0 00 00 00 00 00
18:32:23.931916: 10 80 a0 00 00 00 00 00
18:32:23.952360: 10 80 a0 00 00 00 00 00
18:32:23.972857: 10 80 a0 00 00 00 00 00
18:32:23.993261: 10 80 a0 00 00 00 00 00
18:32:24.013537: 10 80 a0 00 00 00 00 00
18:32:24.034191: 10 80 a0 00 00 00 00 00
18:32:24.051181: 10 80 a0 00 00 00 00 00
18:32:24.071068: 10 80 a0 00 00 00 00 00
18:32:24.091836: 10 80 a0 00 00 00 00 00
18:32:24.112442: 10 80 a0 00 00 00 00 00
18:32:24.132644: 10 80 a0 00 00 00 00 00
18:32:24.153177: 10 80 a0 00 00 00 00 00
18:32:24.173461: 10 80 a0 00 00 00 00 00
18:32:24.193607: 10 80 a0 00 00 00 00 00
18:32:24.213697: 10 80 a0 00 00 00 00 00
18:32:24.231111: 10 80 a0 00 00 00 00 00
18:32:24.251369: 10 80 a0 00 00 00 00 00
18:32:24.271835: 10 80 a0 00 00 00 00 00
18:32:24.292477: 10 80 a0 00 00 00 00 00
18:32:24.313030: 10 80 a0 00 00 00 00 00
18:32:24.333392: 10 80 a0 00 00 00 00 00
18:32:24.353664: 10 80 a0 00 00 00 00 00
18:32:24.373825: 10 80 a0 00 00 00 00 00
18:32:24.390759: 10 80 a0 00 00 00 00 00
18:32:24.411400: 10 80 a0 00 00 00 00 00
18:32:24.432247: 10 80 a0 00 00 00 00 00
18:32:24.452105: 10 80 a0 00 00 00 00 00
18:32:24.472528: 10 80 a0 00 00 00 00 00
18:32:24.493004: 10 80 a0 00 00 00 00 00
18:32:24.513456: 10 80 a0 00 00 00 00 00
18:32:24.533587: 10 80 a0 00 00 00 00 00
18:32:24.554001: 10 80 a0 00 00 00 00 00
18:32:24.571574: 10 80 a0 00 00 00 00 00
18:32:24.591244: 10 80 a0 00 00 00 00 00
18:32:24.612075: 10 80 a0 00 00 00 00 00
18:32:24.632185: 10 80 a0 00 00 00 00 00
18:32:24.652807: 10 80 a0 00 00 00 00 00
18:32:24.673158: 10 80 a0 00 00 00 00 00
18:32:24.693430: 10 80 a0 00 00 00 00 00
18:32:24.713655: 10 80 a0 00 00 00 00 00
18:32:24.730518: 10 80 a0 00 00 00 00 00
18:32:24.751062: 10 80 a0 00 00 00 00 00
18:32:24.771321: 10 80 a0 00 00 00 00 00
18:32:24.792094: 10 80 a0 00 00 00 00 00
18:32:24.812244: 10 80 a0 00 00 00 00 00
18:32:24.833224: 10 80 a0 00 00 00 00 00
18:32:24.853696: 10 80 a0 00 00 00 00 00
18:32:24.874052: 10 80 a0 00 00 00 00 00
18:32:24.893859: 10 80 a0 00 00 00 00 00
18:32:24.911064: 10 80 a0 00 00 00 00 00
18:32:24.931447: 10 80 a0 00 00 00 00 00
18:32:24.951996: 10 80 a0 00 00 00 00 00
18:32:24.972001: 10 80 a0 00 00 00 00 00
18:32:24.992691: 10 80 a0 00 00 00 00 00
18:32:25.013178: 10 80 a0 00 00 00 00 00
18:32:25.033452: 10 80 a0 00 00 00 00 00
18:32:25.053698: 10 80 a0 00 00 00 00 00
18:32:25.073840: 10 80 a0 00 00 00 00 00
18:32:25.091215: 10 80 a0 00 00 00 00 00
18:32:25.111249: 10 80 a0 00 00 00 00 00
18:32:25.131810: 10 80 a0 00 00 00 00 00
18:32:25.152790: 10 80 a0 00 00 00 00 00
18:32:25.173168: 10 80 a0 00 00 00 00 00
18:32:25.193575: 10 80 a0 00 00 00 00 00
18:32:25.213720: 10 80 a0 00 00 00 00 00
18:32:25.233814: 10 80 a0 00 00 00 00 00
18:32:25.250948: 10 80 a0 00 00 00 00 00
18:32:25.271300: 10 80 a0 00 00 00 00 00
18:32:25.291444: 10 80 a0 00 00 00 00 00
18:32:25.312161: 10 80 a0 00 00 00 00 00
18:32:25.332703: 10 80 a0 00 00 00 00 00
18:32:25.353150: 10 80 a0 00 00 00 00 00
18:32:25.373658: 10 80 a0 00 00 00 00 00
18:32:25.393767: 10 80 a0 00 00 00 00 00
18:32:25.414152: 10 80 a0 00 00 00 00 00
18:32:25.431197: 10 80 a0 00 00 00 00 00
18:32:25.451673: 10 80 a0 00 00 00 00 00
18:32:25.471747: 10 80 a0 00 00 00 00 00
18:32:25.492399: 10 80 a0 00 00 00 00 00
18:32:25.512896: 10 80 a0 00 00 00 00 00
18:32:25.533374: 10 80 a0 00 00 00 00 00
18:32:25.553455: 10 80 a0 00 00 00 00 00
18:32:25.573893: 10 80 a0 00 00 00 00 00
18:32:25.590836: 10 80 a0 00 00 00 00 00
18:32:25.611615: 10 80 a0 00 00 00 00 00
18:32:25.631929: 10 80 a0 00 00 00 00 00
18:32:25.652070: 10 80 a0 00 00 00 00 00
18:32:25.672666: 10 80 a0 00 00 00 00 00
18:32:25.693036: 10 80 a0 00 00 00 00 00
18:32:25.713362: 10 80 a0 00 00 00 00 00
18:32:25.733852: 10 80 a0 00 00 00 00 00
18:32:25.753756: 10 80 a0 00 00 00 00 00
18:32:25.770827: 10 80 a0 00 00 00 00 00
18:32:25.791492: 10 80 a0 00 00 00 00 00
18:32:25.811902: 10 80 a0 00 00 00 00 00
18:32:25.832095: 10 80 a0 00 00 00 00 00
18:32:25.852861: 10 80 a0 00 00 00 00 00
18:32:25.873481: 10 80 a0 00 00 00 00 00
18:32:25.893689: 10 80 a0 00 00 00 00 00
18:32:25.913796: 10 80 a0 00 00 00 00 00
18:32:25.930803: 10 80 a0 00 00 00 00 00
18:32:25.951307: 10 80 a0 00 00 00 00 00
18:32:25.972103: 10 80 a0 00 00 00 00 00
18:32:25.992097: 10 80 a0 00 00 00 00 00
18:32:26.012563: 10 80 a0 00 00 00 00 00
18:32:26.033080: 10 80 a0 00 00 00 00 00
18:32:26.053309: 10 80 a0 00 00 00 00 00
18:32:26.073606: 10 80 a0 00 00 00 00 00
18:32:26.093913: 10 80 a0 00 00 00 00 00
18:32:26.111064: 10 80 a0 00 00 00 00 00
18:32:26.131633: 10 80 a0 00 00 00 00 00
18:32:26.151874: 10 80 a0 00 00 00 00 00
18:32:26.172744: 10 80 a0 00 00 00 00 00
18:32:26.192795: 10 80 a0 00 00 00 00 00
18:32:26.213147: 10 80 a0 00 00 00 00 00
18:32:26.233391: 10 80 a0 00 00 00 00 00
18:32:26.253575: 10 80 a0 00 00 00 00 00
18:32:26.270523: 10 80 a0 00 00 00 00 00
18:32:26.291106: 10 80 a0 00 00 00 00 00
18:32:26.311808: 10 80 a0 00 00 00 00 00
18:32:26.332226: 10 80 a0 00 00 00 00 00
18:32:26.352723: 10 80 a0 00 00 00 00 00
18:32:26.373205: 10 80 a0 00 00 00 00 00
18:32:26.393457: 10 80 a0 00 00 00 00 00
18:32:26.413629: 10 80 a0 00 00 00 00 00
18:32:26.433881: 10 80 a0 00 00 00 00 00
18:32:26.451022: 10 80 a0 00 00 00 00 00
18:32:26.471484: 10 80 a0 00 00 00 00 00
18:32:26.491759: 10 80 a0 00 00 00 00 00
18:32:26.512331: 10 80 a0 00 00 00 00 00
18:32:26.532757: 10 80 a0 00 00 00 00 00
18:32:26.553156: 10 80 a0 00 00 00 00 00
18:32:26.573358: 10 80 a0 00 00 00 00 00
18:32:26.593519: 10 80 a0 00 00 00 00 00
18:32:26.610723: 10 80 a0 00 00 00 00 00
18:32:26.631306: 10 80 a0 00 00 00 00 00
18:32:26.651678: 10 80 a0 00 00 00 00 00
18:32:26.672267: 10 80 a0 00 00 00 00 00
18:32:26.692765: 10 80 a0 00 00 00 00 00
18:32:26.712773: 10 80 a0 00 00 00 00 00
18:32:26.733393: 10 80 a0 00 00 00 00 00
18:32:26.753451: 10 80 a0 00 00 00 00 00
18:32:26.773623: 10 80 a0 00 00 00 00 00
18:32:26.790694: 10 80 a0 00 00 00 00 00
18:32:26.811500: 10 80 a0 00 00 00 00 00
18:32:26.832006: 10 80 a0 00 00 00 00 00
18:32:26.852098: 10 80 a0 00 00 00 00 00
18:32:26.872900: 10 80 a0 00 00 00 00 00
18:32:26.893359: 10 80 a0 00 00 00 00 00
18:32:26.913509: 10 80 a0 00 00 00 00 00
18:32:26.933974: 10 80 a0 00 00 00 00 00
18:32:26.950370: 10 80 a0 00 00 00 00 00
18:32:26.971421: 10 80 a0 00 00 00 00 00
18:32:26.991490: 10 80 a0 00 00 00 00 00
18:32:27.012428: 10 80 a0 00 00 00 00 00
18:32:27.032756: 10 80 a0 00 00 00 00 00
18:32:27.053315: 10 80 a0 00 00 00 00 00
18:32:27.073325: 10 80 a0 00 00 00 00 00
18:32:27.093424: 10 80 a0 00 00 00 00 00
18:32:27.113605: 10 80 a0 00 00 00 00 00
18:32:27.130990: 10 80 a0 00 00 00 00 00
18:32:27.151430: 10 80 a0 00 00 00 00 00
18:32:27.171707: 10 80 a0 00 00 00 00 00
18:32:27.192377: 10 80 a0 00 00 00 00 00
18:32:27.212843: 10 80 a0 00 00 00 00 00
18:32:27.233124: 10 80 a0 00 00 00 00 00
18:32:27.253336: 10 80 a0 00 00 00 00 00
18:32:27.273516: 10 80 a0 00 00 00 00 00
18:32:27.290383: 10 80 a0 00 00 00 00 00
18:32:27.310937: 10 80 a0 00 00 00 00 00
18:32:27.331659: 10 80 a0 00 00 00 00 00
18:32:27.352236: 10 80 a0 00 00 00 00 00
18:32:27.372311: 10 80 a0 00 00 00 00 00
18:32:27.393361: 10 80 a0 00 00 00 00 00
18:32:27.413599: 10 80 a0 00 00 00 00 00
18:32:27.433557: 10 80 a0 00 00 00 00 00
18:32:27.453588: 10 80 a0 00 00 00 00 00
18:32:27.470614: 10 80 a0 00 00 00 00 00
18:32:27.491150: 10 80 a0 00 00 00 00 00
18:32:27.511438: 10 80 a0 00 00 00 00 00
18:32:27.531940: 10 80 a0 00 00 00 00 00
18:32:27.552833: 10 80 a0 00 00 00 00 00
18:32:27.573559: 10 80 a0 00 00 00 00 00
18:32:27.593498: 10 80 a0 00 00 00 00 00
18:32:27.613614: 10 80 a0 00 00 00 00 00
18:32:27.630628: 10 80 a0 00 00 00 00 00
18:32:27.651320: 10 80 a0 00 00 00 00 00
18:32:27.671150: 10 80 a0 00 00 00 00 00
18:32:27.691816: 10 80 a0 00 00 00 00 00
18:32:27.712362: 10 80 a0 00 00 00 00 00
18:32:27.732834: 10 80 a0 00 00 00 00 00
18:32:27.753195: 10 80 a0 00 00 00 00 00
18:32:27.773536: 10 80 a0 00 00 00 00 00
18:32:27.793601: 10 80 a0 00 00 00 00 00
18:32:27.810771: 10 80 a0 00 00 00 00 00
18:32:27.831364: 10 80 a0 00 00 00 00 00
18:32:27.851847: 10 80 a0 00 00 00 00 00
18:32:27.872106: 10 80 a0 00 00 00 00 00
18:32:27.892545: 10 80 a0 00 00 00 00 00
18:32:27.913027: 10 80 a0 00 00 00 00 00
18:32:27.933261: 10 80 a0 00 00 00 00 00
18:32:27.953659: 10 80 a0 00 00 00 00 00
18:32:27.970928: 10 80 a0 00 00 00 00 00
18:32:27.991112: 10 80 a0 00 00 00 00 00
18:32:28.011261: 10 80 a0 00 00 00 00 00
18:32:28.031777: 10 80 a0 00 00 00 00 00
18:32:28.052486: 10 80 a0 00 00 00 00 00
18:32:28.072797: 10 80 a0 00 00 00 00 00
18:32:28.093195: 10 80 a0 00 00 00 00 00
18:32:28.113338: 10 80 a0 00 00 00 00 00
18:32:28.133574: 10 80 a0 00 00 00 00 00
18:32:28.150530: 10 80 a0 00 00 00 00 00
18:32:28.171269: 10 80 a0 00 00 00 00 00
18:32:28.191871: 10 80 a0 00 00 00 00 00
18:32:28.212268: 10 80 a0 00 00 00 00 00
18:32:28.232769: 10 80 a0 00 00 00 00 00
18:32:28.253443: 10 80 a0 00 00 00 00 00
18:32:28.273411: 10 80 a0 00 00 00 00 00
18:32:28.293364: 10 80 a0 00 00 00 00 00
18:32:28.310339: 10 80 a0 00 00 00 00 00
18:32:28.330471: 10 80 a0 00 00 00 00 00
18:32:28.351352: 10 80 a0 00 00 00 00 00
18:32:28.371516: 10 80 a0 00 00 00 00 00
18:32:28.391997: 10 80 a0 00 00 00 00 00
18:32:28.413048: 10 80 a0 00 00 00 00 00
18:32:28.432912: 10 80 a0 00 00 00 00 00
18:32:28.453583: 10 80 a0 00 00 00 00 00
18:32:28.473507: 10 80 a0 00 00 00 00 00
18:32:28.490726: 10 80 a0 00 00 00 00 00
18:32:28.511243: 10 80 a0 00 00 00 00 00
18:32:28.531713: 10 80 a0 00 00 00 00 00
18:32:28.552231: 10 80 a0 00 00 00 00 00
18:32:28.572974: 10 80 a0 00 00 00 00 00
18:32:28.592937: 10 80 a0 00 00 00 00 00
18:32:28.613181: 10 80 a0 00 00 00 00 00
18:32:28.633425: 10 80 a0 00 00 00 00 00
18:32:28.650247: 10 80 a0 00 00 00 00 00
18:32:28.670549: 10 80 a0 00 00 00 00 00
18:32:28.691564: 10 80 a0 00 00 00 00 00
18:32:28.711722: 10 80 a0 00 00 00 00 00
18:32:28.732442: 10 80 a0 00 00 00 00 00
18:32:28.752702: 10 80 a0 00 00 00 00 00
18:32:28.773121: 10 80 a0 00 00 00 00 00
18:32:28.793243: 10 80 a0 00 00 00 00 00
18:32:28.813597: 10 80 a0 00 00 00 00 00
18:32:28.830627: 10 80 a0 00 00 00 00 00
18:32:28.851221: 10 80 a0 00 00 00 00 00
18:32:28.871671: 10 80 a0 00 00 00 00 00
18:32:28.892122: 10 80 a0 00 00 00 00 00
18:32:28.912630: 10 80 a0 00 00 00 00 00
18:32:28.933095: 10 80 a0 00 00 00 00 00
18:32:28.953410: 10 80 a0 00 00 00 00 00
18:32:28.973512: 10 80 a0 00 00 00 00 00
18:32:28.993600: 10 80 a0 00 00 00 00 00
18:32:29.010815: 10 80 a0 00 00 00 00 00
18:32:29.031416: 10 80 a0 00 00 00 00 00
18:32:29.051897: 10 80 a0 00 00 00 00 00
18:32:29.072356: 10 80 a0 00 00 00 00 00
18:32:29.092829: 10 80 a0 00 00 00 00 00
18:32:29.113292: 10 80 a0 00 00 00 00 00
18:32:29.133377: 10 80 a0 00 00 00 00 00
18:32:29.153541: 10 80 a0 00 00 00 00 00
18:32:29.170558: 10 80 a0 00 00 00 00 00
18:32:29.191117: 10 80 a0 00 00 00 00 00
18:32:29.211779: 10 80 a0 00 00 00 00 00
18:32:29.232126: 10 80 a0 00 00 00 00 00
18:32:29.252591: 10 80 a0 00 00 00 00 00
18:32:29.273170: 10 80 a0 00 00 00 00 00
18:32:29.293861: 10 80 a0 00 00 00 00 00
18:32:29.313472: 10 80 a0 00 00 00 00 00
18:32:29.333576: 10 80 a0 00 00 00 00 00
18:32:29.350820: 10 80 a0 00 00 00 00 00
18:32:29.371363: 10 80 a0 00 00 00 00 00
18:32:29.391844: 10 80 a0 00 00 00 00 00
18:32:29.412320: 10 80 a0 00 00 00 00 00
18:32:29.432755: 10 80 a0 00 00 00 00 00
18:32:29.453279: 10 80 a0 00 00 00 00 00
18:32:29.473385: 10 80 a0 00 00 00 00 00
18:32:29.493598: 10 80 a0 00 00 00 00 00
18:32:29.510577: 10 80 a0 00 00 00 00 00
18:32:29.531151: 10 80 a0 00 00 00 00 00
18:32:29.551634: 10 80 a0 00 00 00 00 00
18:32:29.572054: 10 80 a0 00 00 00 00 00
18:32:29.592559: 10 80 a0 00 00 00 00 00
18:32:29.613005: 10 80 a0 00 00 00 00 00
18:32:29.633267: 10 80 a0 00 00 00 00 00
18:32:29.653477: 10 80 a0 00 00 00 00 00
18:32:29.673523: 10 80 a0 00 00 00 00 00
18:32:29.690754: 10 80 a0 00 00 00 00 00
18:32:29.711303: 10 80 a0 00 00 00 00 00
18:32:29.731435: 10 80 a0 00 00 00 00 00
18:32:29.751962: 10 80 a0 00 00 00 00 00
18:32:29.772634: 10 80 a0 00 00 00 00 00
18:32:29.792826: 10 80 a0 00 00 00 00 00
18:32:29.813017: 10 80 a0 00 00 00 00 00
18:32:29.833169: 10 80 a0 00 00 00 00 00
18:32:29.850145: 10 80 a0 00 00 00 00 00
18:32:29.870644: 10 80 a0 00 00 00 00 00
18:32:29.891227: 10 80 a0 00 00 00 00 00
18:32:29.911682: 10 80 a0 00 00 00 00 00
18:32:29.932113: 10 80 a0 00 00 00 00 00
18:32:29.952617: 10 80 a0 00 00 00 00 00
18:32:29.972887: 10 80 a0 00 00 00 00 00
18:32:29.993039: 10 80 a0 00 00 00 00 00
18:32:30.014736: 10 80 a0 00 00 00 00 00
18:32:30.031957: 10 80 a0 00 00 00 00 00
18:32:30.050690: 10 80 a0 00 00 00 00 00
18:32:30.071459: 10 80 a0 00 00 00 00 00
18:32:30.091712: 10 80 a0 00 00 00 00 00
18:32:30.112193: 10 80 a0 00 00 00 00 00
18:32:30.132668: 10 80 a0 00 00 00 00 00
18:32:30.153012: 10 80 a0 00 00 00 00 00
18:32:30.173135: 10 80 a0 00 00 00 00 00
18:32:30.190143: 10 80 a0 00 00 00 00 00
18:32:30.210585: 10 80 a0 00 00 00 00 00
18:32:30.231198: 10 80 a0 00 00 00 00 00
18:32:30.251723: 10 80 a0 00 00 00 00 00
18:32:30.272087: 10 80 a0 00 00 00 00 00
18:32:30.292563: 10 80 a0 00 00 00 00 00
18:32:30.312998: 10 80 a0 00 00 00 00 00
18:32:30.333090: 10 80 a0 00 00 00 00 00
18:32:30.353325: 10 80 a0 00 00 00 00 00
18:32:30.370296: 10 80 a0 00 00 00 00 00
18:32:30.390804: 10 80 a0 00 00 00 00 00
18:32:30.411388: 10 80 a0 00 00 00 00 00
18:32:30.431778: 10 80 a0 00 00 00 00 00
18:32:30.452328: 10 80 a0 00 00 00 00 00
18:32:30.472780: 10 80 a0 00 00 00 00 00
18:32:30.492967: 10 80 a0 00 00 00 00 00
18:32:30.513072: 10 80 a0 00 00 00 00 00
18:32:30.530114: 10 80 a0 00 00 00 00 00
18:32:30.550578: 10 80 a0 00 00 00 00 00
18:32:30.571144: 10 80 a0 00 00 00 00 00
18:32:30.591607: 10 80 a0 00 00 00 00 00
18:32:30.612129: 10 80 a0 00 00 00 00 00
18:32:30.632804: 10 80 a0 00 00 00 00 00
18:32:30.653004: 10 80 a0 00 00 00 00 00
18:32:30.673031: 10 80 a0 00 00 00 00 00
18:32:30.693166: 10 80 a0 00 00 00 00 00
18:32:30.710276: 10 80 a0 00 00 00 00 00
18:32:30.730759: 10 80 a0 00 00 00 00 00
18:32:30.751418: 10 80 a0 00 00 00 00 00
18:32:30.772057: 10 80 a0 00 00 00 00 00
18:32:30.792267: 10 80 a0 00 00 00 00 00
18:32:30.812927: 10 80 a0 00 00 00 00 00
18:32:30.832919: 10 80 a0 00 00 00 00 00
18:32:30.853043: 10 80 a0 00 00 00 00 00
18:32:30.870018: 10 80 a0 00 00 00 00 00
18:32:30.890496: 10 80 a0 00 00 00 00 00
18:32:30.912994: 10 80 a0 00 00 00 00 00
18:32:30.931964: 10 80 a0 00 00 00 00 00
18:32:30.952607: 10 80 a0 00 00 00 00 00
18:32:30.972829: 10 80 a0 00 00 00 00 00
18:32:30.993715: 10 80 a0 00 00 00 00 00
18:32:31.013332: 10 80 a0 00 00 00 00 00
18:32:31.033484: 10 80 a0 00 00 00 00 00
18:32:31.050600: 10 80 a0 00 00 00 00 00
18:32:31.071077: 10 80 a0 00 00 00 00 00
18:32:31.092104: 10 80 a0 00 00 00 00 00
18:32:31.111964: 10 80 a0 00 00 00 00 00
18:32:31.132451: 10 80 a0 00 00 00 00 00
18:32:31.153096: 10 80 a0 00 00 00 00 00
18:32:31.173073: 10 80 a0 00 00 00 00 00
18:32:31.193419: 10 80 a0 00 00 00 00 00
18:32:31.210115: 10 80 a0 00 00 00 00 00
18:32:31.230635: 10 80 a0 00 00 00 00 00
18:32:31.251228: 10 80 a0 00 00 00 00 00
18:32:31.271639: 10 80 a0 00 00 00 00 00
18:32:31.292115: 10 80 a0 00 00 00 00 00
18:32:31.312607: 10 80 a0 00 00 00 00 00
18:32:31.333095: 10 80 a0 00 00 00 00 00
18:32:31.353141: 10 80 a0 00 00 00 00 00
18:32:31.373310: 10 80 a0 00 00 00 00 00
18:32:31.390375: 10 80 a0 00 00 00 00 00
18:32:31.411141: 10 80 a0 00 00 00 00 00
18:32:31.431350: 10 80 a0 00 00 00 00 00
18:32:31.451833: 10 80 a0 00 00 00 00 00
18:32:31.472417: 10 80 a0 00 00 00 00 00
18:32:31.492848: 10 80 a0 00 00 00 00 00
18:32:31.513619: 10 80 a0 00 00 00 00 00
18:32:31.533937: 10 80 a0 00 00 00 00 00
18:32:31.550814: 10 80 a0 00 00 00 00 00
18:32:31.571426: 10 80 a0 00 00 00 00 00
18:32:31.591875: 10 80 a0 00 00 00 00 00
18:32:31.612862: 10 80 a0 00 00 00 00 00
18:32:31.632690: 10 80 a0 00 00 00 00 00
18:32:31.653360: 10 80 a0 00 00 00 00 00
18:32:31.673557: 10 80 a0 00 00 00 00 00
18:32:31.693334: 10 80 a0 00 00 00 00 00
18:32:31.713224: 10 80 a0 00 00 00 00 00
18:32:31.730447: 10 80 a0 00 00 00 00 00
18:32:31.750519: 10 80 a0 00 00 00 00 00
18:32:31.771181: 10 80 a0 00 00 00 00 00
18:32:31.792110: 10 80 a0 00 00 00 00 00
18:32:31.812080: 10 80 a0 00 00 00 00 00
18:32:31.832846: 10 80 a0 00 00 00 00 00
18:32:31.853650: 10 80 a0 00 00 00 00 00
18:32:31.873162: 10 80 a0 00 00 00 00 00
18:32:31.890416: 10 80 a0 00 00 00 00 00
18:32:31.910293: 10 80 a0 00 00 00 00 00
18:32:31.931113: 10 80 a0 00 00 00 00 00
18:32:31.951664: 10 80 a0 00 00 00 00 00
18:32:31.972014: 10 80 a0 00 00 00 00 00
18:32:31.995324: 10 80 a0 00 00 00 00 00
18:32:32.013084: 10 80 a0 00 00 00 00 00
18:32:32.033655: 10 80 a0 00 00 00 00 00
18:32:32.053240: 10 80 a0 00 00 00 00 00
18:32:32.070069: 10 80 a0 00 00 00 00 00
18:32:32.091019: 10 80 a0 00 00 00 00 00
18:32:32.111298: 10 80 a0 00 00 00 00 00
18:32:32.131564: 10 80 a0 00 00 00 00 00
18:32:32.152254: 10 80 a0 00 00 00 00 00
18:32:32.173375: 10 80 a0 00 00 00 00 00
18:32:32.193048: 10 80 a0 00 00 00 00 00
18:32:32.213134: 10 80 a0 00 00 00 00 00
18:32:32.229946: 10 80 a0 00 00 00 00 00
18:32:32.250482: 10 80 a0 00 00 00 00 00
18:32:32.272266: 10 80 a0 00 00 00 00 00
18:32:32.291694: 10 80 a0 00 00 00 00 00
18:32:32.312226: 10 80 a0 00 00 00 00 00
18:32:32.333033: 10 80 a0 00 00 00 00 00
18:32:32.353195: 10 80 a0 00 00 00 00 00
18:32:32.373312: 10 80 a0 00 00 00 00 00
18:32:32.393437: 10 80 a0 00 00 00 00 00
18:32:32.410410: 10 80 a0 00 00 00 00 00
18:32:32.431005: 10 80 a0 00 00 00 00 00
18:32:32.451536: 10 80 a0 00 00 00 00 00
18:32:32.472854: 10 80 a0 00 00 00 00 00
18:32:32.492486: 10 80 a0 00 00 00 00 00
18:32:32.513017: 10 80 a0 00 00 00 00 00
18:32:32.533301: 10 80 a0 00 00 00 00 00
18:32:32.553367: 10 80 a0 00 00 00 00 00
18:32:32.570187: 10 80 a0 00 00 00 00 00
18:32:32.590643: 10 80 a0 00 00 00 00 00
18:32:32.611221: 10 80 a0 00 00 00 00 00
18:32:32.631795: 10 80 a0 00 00 00 00 00
18:32:32.651509: 10 80 a0 00 00 00 00 00
18:32:32.672730: 10 80 a0 00 00 00 00 00
18:32:32.693953: 10 80 a0 00 00 00 00 00
18:32:32.713354: 10 80 a0 00 00 00 00 00
18:32:32.733412: 10 80 a0 00 00 00 00 00
18:32:32.750391: 10 80 a0 00 00 00 00 00
18:32:32.770912: 10 80 a0 00 00 00 00 00
18:32:32.791450: 10 80 a0 00 00 00 00 00
18:32:32.811632: 10 80 a0 00 00 00 00 00
18:32:32.832467: 10 80 a0 00 00 00 00 00
18:32:32.852910: 10 80 a0 00 00 00 00 00
18:32:32.873861: 10 80 a0 00 00 00 00 00
18:32:32.894061: 10 80 a0 00 00 00 00 00
18:32:32.913473: 10 80 a0 00 00 00 00 00
18:32:32.930536: 10 80 a0 00 00 00 00 00
18:32:32.950772: 10 80 a0 00 00 00 00 00
18:32:32.971493: 10 80 a0 00 00 00 00 00
18:32:32.993002: 10 80 a0 00 00 00 00 00
18:32:33.012658: 10 80 a0 00 00 00 00 00
18:32:33.034515: 10 80 a0 00 00 00 00 00
18:32:33.053986: 10 80 a0 00 00 00 00 00
18:32:33.073421: 10 80 a0 00 00 00 00 00
18:32:33.090097: 10 80 a0 00 00 00 00 00
18:32:33.110825: 10 80 a0 00 00 00 00 00
18:32:33.131397: 10 80 a0 00 00 00 00 00
18:32:33.151393: 10 80 a0 00 00 00 00 00
18:32:33.172452: 10 80 a0 00 00 00 00 00
18:32:33.192669: 10 80 a0 00 00 00 00 00
18:32:33.213631: 10 80 a0 00 00 00 00 00
18:32:33.233033: 10 80 a0 00 00 00 00 00
18:32:33.253172: 10 80 a0 00 00 00 00 00
18:32:33.270354: 10 80 a0 00 00 00 00 00
18:32:33.290508: 10 80 a0 00 00 00 00 00
18:32:33.311152: 10 80 a0 00 00 00 00 00
18:32:33.331881: 10 80 a0 00 00 00 00 00
18:32:33.352384: 10 80 a0 00 00 00 00 00
18:32:33.372782: 10 80 a0 00 00 00 00 00
18:32:33.393225: 10 80 a0 00 00 00 00 00
18:32:33.413370: 10 80 a0 00 00 00 00 00
18:32:33.431574: 10 80 a0 00 00 00 00 00
18:32:33.450815: 10 80 a0 00 00 00 00 00
18:32:33.471324: 10 80 a0 00 00 00 00 00
18:32:33.492319: 10 80 a0 00 00 00 00 00
18:32:33.512264: 10 80 a0 00 00 00 00 00
18:32:33.532882: 10 80 a0 00 00 00 00 00
18:32:33.553151: 10 80 a0 00 00 00 00 00
18:32:33.573258: 10 80 a0 00 00 00 00 00
18:32:33.593323: 10 80 a0 00 00 00 00 00
18:32:33.610562: 10 80 a0 00 00 00 00 00
18:32:33.631743: 10 80 a0 00 00 00 00 00
18:32:33.651607: 10 80 a0 00 00 00 00 00
18:32:33.672696: 10 80 a0 00 00 00 00 00
18:32:33.692633: 10 80 a0 00 00 00 00 00
18:32:33.713081: 10 80 a0 00 00 00 00 00
18:32:33.733863: 10 80 a0 00 00 00 00 00
18:32:33.753278: 10 80 a0 00 00 00 00 00
18:32:33.770307: 10 80 a0 00 00 00 00 00
18:32:33.790749: 10 80 a0 00 00 00 00 00
18:32:33.811293: 10 80 a0 00 00 00 00 00
18:32:33.831805: 10 80 a0 00 00 00 00 00
18:32:33.852289: 10 80 a0 00 00 00 00 00
18:32:33.872821: 10 80 a0 00 00 00 00 00
18:32:33.893107: 10 80 a0 00 00 00 00 00
18:32:33.913194: 10 80 a0 00 00 00 00 00
18:32:33.933318: 10 80 a0 00 00 00 00 00
18:32:33.950502: 10 80 a0 00 00 00 00 00
18:32:33.971066: 10 80 a0 00 00 00 00 00
18:32:33.991476: 10 80 a0 00 00 00 00 00
18:32:34.011913: 10 80 a0 00 00 00 00 00
18:32:34.032528: 10 80 a0 00 00 00 00 00
18:32:34.053798: 10 80 a0 00 00 00 00 00
18:32:34.073214: 10 80 a0 00 00 00 00 00
18:32:34.093383: 10 80 a0 00 00 00 00 00
18:32:34.111045: 10 80 a0 00 00 00 00 00
18:32:34.130703: 10 80 a0 00 00 00 00 00
18:32:34.151252: 10 80 a0 00 00 00 00 00
18:32:34.171734: 10 80 a0 00 00 00 00 00
18:32:34.192234: 10 80 a0 00 00 00 00 00
18:32:34.212715: 10 80 a0 00 00 00 00 00
18:32:34.233221: 10 80 a0 00 00 00 00 00
18:32:34.253287: 10 80 a0 00 00 00 00 00
18:32:34.273441: 10 80 a0 00 00 00 00 00
18:32:34.290457: 10 80 a0 00 00 00 00 00
18:32:34.311024: 10 80 a0 00 00 00 00 00
18:32:34.331510: 10 80 a0 00 00 00 00 00
18:32:34.351903: 10 80 a0 00 00 00 00 00
18:32:34.372474: 10 80 a0 00 00 00 00 00
18:32:34.393123: 10 80 a0 00 00 00 00 00
18:32:34.413169: 10 80 a0 00 00 00 00 00
18:32:34.433243: 10 80 a0 00 00 00 00 00
18:32:34.450183: 10 80 a0 00 00 00 00 00
18:32:34.470687: 10 80 a0 00 00 00 00 00
18:32:34.491430: 10 80 a0 00 00 00 00 00
18:32:34.511703: 10 80 a0 00 00 00 00 00
18:32:34.532146: 10 80 a0 00 00 00 00 00
18:32:34.552601: 10 80 a0 00 00 00 00 00
18:32:34.573177: 10 80 a0 00 00 00 00 00
18:32:34.593236: 10 80 a0 00 00 00 00 00
18:32:34.613317: 10 80 a0 00 00 00 00 00
18:32:34.630420: 10 80 a0 00 00 00 00 00
18:32:34.650952: 10 80 a0 00 00 00 00 00
18:32:34.671348: 10 80 a0 00 00 00 00 00
18:32:34.691881: 10 80 a0 00 00 00 00 00
18:32:34.712425: 10 80 a0 00 00 00 00 00
18:32:34.732989: 10 80 a0 00 00 00 00 00
18:32:34.753196: 10 80 a0 00 00 00 00 00
18:32:34.773192: 10 80 a0 00 00 00 00 00
18:32:34.790116: 10 80 a0 00 00 00 00 00
18:32:34.810651: 10 80 a0 00 00 00 00 00
18:32:34.831172: 10 80 a0 00 00 00 00 00
18:32:34.851671: 10 80 a0 00 00 00 00 00
18:32:34.872104: 10 80 a0 00 00 00 00 00
18:32:34.892592: 10 80 a0 00 00 00 00 00
18:32:34.913126: 10 80 a0 00 00 00 00 00
18:32:34.933206: 10 80 a0 00 00 00 00 00
18:32:34.953240: 10 80 a0 00 00 00 00 00
18:32:34.970338: 10 80 a0 00 00 00 00 00
18:32:34.991726: 10 80 a0 00 00 00 00 00
18:32:35.011379: 10 80 a0 00 00 00 00 00
18:32:35.031880: 10 80 a0 00 00 00 00 00
18:32:35.051750: 10 80 a0 00 00 00 00 00
18:32:35.073545: 10 80 a0 00 00 00 00 00
18:32:35.093189: 10 80 a0 00 00 00 00 00
18:32:35.113197: 10 80 a0 00 00 00 00 00
18:32:35.130131: 10 80 a0 00 00 00 00 00
18:32:35.150560: 10 80 a0 00 00 00 00 00
18:32:35.171098: 10 80 a0 00 00 00 00 00
18:32:35.191698: 10 80 a0 00 00 00 00 00
18:32:35.212021: 10 80 a0 00 00 00 00 00
18:32:35.232617: 10 80 a0 00 00 00 00 00
18:32:35.253042: 10 80 a0 00 00 00 00 00
18:32:35.273113: 10 80 a0 00 00 00 00 00
18:32:35.293193: 10 80 a0 00 00 00 00 00
18:32:35.310311: 10 80 a0 00 00 00 00 00
18:32:35.330749: 10 80 a0 00 00 00 00 00
18:32:35.351349: 10 80 a0 00 00 00 00 00
18:32:35.371862: 10 80 a0 00 00 00 00 00
18:32:35.392334: 10 80 a0 00 00 00 00 00
18:32:35.412896: 10 80 a0 00 00 00 00 00
18:32:35.433079: 10 80 a0 00 00 00 00 00
18:32:35.453129: 10 80 a0 00 00 00 00 00
18:32:35.470749: 10 80 a0 00 00 00 00 00
18:32:35.490626: 10 80 a0 00 00 00 00 00
18:32:35.511037: 10 80 a0 00 00 00 00 00
18:32:35.531527: 10 80 a0 00 00 00 00 00
18:32:35.552008: 10 80 a0 00 00 00 00 00
18:32:35.572625: 10 80 a0 00 00 00 00 00
18:32:35.593035: 10 80 a0 00 00 00 00 00
18:32:35.613165: 10 80 a0 00 00 00 00 00
18:32:35.633164: 10 80 a0 00 00 00 00 00
18:32:35.650238: 10 80 a0 00 00 00 00 00
18:32:35.670761: 10 80 a0 00 00 00 00 00
18:32:35.691370: 10 80 a0 00 00 00 00 00
18:32:35.711789: 10 80 a0 00 00 00 00 00
18:32:35.731595: 10 80 a0 00 00 00 00 00
18:32:35.752704: 10 80 a0 00 00 00 00 00
18:32:35.773779: 10 80 a0 00 00 00 00 00
18:32:35.793982: 10 80 a0 00 00 00 00 00
18:32:35.810705: 10 80 a0 00 00 00 00 00
18:32:35.831427: 10 80 a0 00 00 00 00 00
18:32:35.850227: 10 80 a0 00 00 00 00 00
18:32:35.871539: 10 80 a0 00 00 00 00 00
18:32:35.891986: 10 80 a0 00 00 00 00 00
18:32:35.912515: 10 80 a0 00 00 00 00 00
18:32:35.932848: 10 80 a0 00 00 00 00 00
18:32:35.953104: 10 80 a0 00 00 00 00 00
18:32:35.973199: 10 80 a0 00 00 00 00 00
18:32:35.990204: 10 80 a0 00 00 00 00 00
18:32:36.010661: 10 80 a0 00 00 00 00 00
18:32:36.031269: 10 80 a0 00 00 00 00 00
18:32:36.051759: 10 80 a0 00 00 00 00 00
18:32:36.072170: 10 80 a0 00 00 00 00 00
18:32:36.092768: 10 80 a0 00 00 00 00 00
18:32:36.113000: 10 80 a0 00 00 00 00 00
18:32:36.133190: 10 80 a0 00 00 00 00 00
18:32:36.149941: 10 80 a0 00 00 00 00 00
18:32:36.170405: 10 80 a0 00 00 00 00 00
18:32:36.190813: 10 80 a0 00 00 00 00 00
18:32:36.211478: 10 80 a0 00 00 00 00 00
18:32:36.231853: 10 80 a0 00 00 00 00 00
18:32:36.252481: 10 80 a0 00 00 00 00 00
18:32:36.273015: 10 80 a0 00 00 00 00 00
18:32:36.293133: 10 80 a0 00 00 00 00 00
18:32:36.313259: 10 80 a0 00 00 00 00 00
18:32:36.330223: 10 80 a0 00 00 00 00 00
18:32:36.350637: 10 80 a0 00 00 00 00 00
18:32:36.371192: 10 80 a0 00 00 00 00 00
18:32:36.391727: 10 80 a0 00 00 00 00 00
18:32:36.411524: 10 80 a0 00 00 00 00 00
18:32:36.432635: 10 80 a0 00 00 00 00 00
18:32:36.453676: 10 80 a0 00 00 00 00 00
18:32:36.473146: 10 80 a0 00 00 00 00 00
18:32:36.493969: 10 80 a0 00 00 00 00 00
18:32:36.510344: 10 80 a0 00 00 00 00 00
18:32:36.530817: 10 80 a0 00 00 00 00 00
18:32:36.551424: 10 80 a0 00 00 00 00 00
18:32:36.572055: 10 80 a0 00 00 00 00 00
18:32:36.592365: 10 80 a0 00 00 00 00 00
18:32:36.612891: 10 80 a0 00 00 00 00 00
18:32:36.633053: 10 80 a0 00 00 00 00 00
18:32:36.653165: 10 80 a0 00 00 00 00 00
18:32:36.670080: 10 80 a0 00 00 00 00 00
18:32:36.690558: 10 80 a0 00 00 00 00 00
18:32:36.711140: 10 80 a0 00 00 00 00 00
18:32:36.731635: 10 80 a0 00 00 00 00 00
18:32:36.751467: 10 80 a0 00 00 00 00 00
18:32:36.772659: 10 80 a0 00 00 00 00 00
18:32:36.793715: 10 80 a0 00 00 00 00 00
18:32:36.813133: 10 80 a0 00 00 00 00 00
18:32:36.833141: 10 80 a0 00 00 00 00 00
18:32:36.850341: 10 80 a0 00 00 00 00 00
18:32:36.870769: 10 80 a0 00 00 00 00 00
18:32:36.891501: 10 80 a0 00 00 00 00 00
18:32:36.911856: 10 80 a0 00 00 00 00 00
18:32:36.932381: 10 80 a0 00 00 00 00 00
18:32:36.953017: 10 80 a0 00 00 00 00 00
18:32:36.973120: 10 80 a0 00 00 00 00 00
18:32:36.993111: 10 80 a0 00 00 00 00 00
18:32:37.010060: 10 80 a0 00 00 00 00 00
18:32:37.030615: 10 80 a0 00 00 00 00 00
18:32:37.051283: 10 80 a0 00 00 00 00 00
18:32:37.071678: 10 80 a0 00 00 00 00 00
18:32:37.092089: 10 80 a0 00 00 00 00 00
18:32:37.112608: 10 80 a0 00 00 00 00 00
18:32:37.133025: 10 80 a0 00 00 00 00 00
18:32:37.153067: 10 80 a0 00 00 00 00 00
18:32:37.173100: 10 80 a0 00 00 00 00 00
18:32:37.191098: 10 80 a0 00 00 00 00 00
18:32:37.210799: 10 80 a0 00 00 00 00 00
18:32:37.231330: 10 80 a0 00 00 00 00 00
18:32:37.251847: 10 80 a0 00 00 00 00 00
18:32:37.272440: 10 80 a0 00 00 00 00 00
18:32:37.292811: 10 80 a0 00 00 00 00 00
18:32:37.312991: 10 80 a0 00 00 00 00 00
18:32:37.333159: 10 80 a0 00 00 00 00 00
18:32:37.350012: 10 80 a0 00 00 00 00 00
18:32:37.370571: 10 80 a0 00 00 00 00 00
18:32:37.391071: 10 80 a0 00 00 00 00 00
18:32:37.411584: 10 80 a0 00 00 00 00 00
18:32:37.432005: 10 80 a0 00 00 00 00 00
18:32:37.452753: 10 80 a0 00 00 00 00 00
18:32:37.474070: 10 80 a0 00 00 00 00 00
18:32:37.493026: 10 80 a0 00 00 00 00 00
18:32:37.513059: 10 80 a0 00 00 00 00 00
18:32:37.530259: 10 80 a0 00 00 00 00 00
18:32:37.550722: 10 80 a0 00 00 00 00 00
18:32:37.571342: 10 80 a0 00 00 00 00 00
18:32:37.591870: 10 80 a0 00 00 00 00 00
18:32:37.612266: 10 80 a0 00 00 00 00 00
18:32:37.632830: 10 80 a0 00 00 00 00 00
18:32:37.652993: 10 80 a0 00 00 00 00 00
18:32:37.673161: 10 80 a0 00 00 00 00 00
18:32:37.690008: 10 80 a0 00 00 00 00 00
18:32:37.710488: 10 80 a0 00 00 00 00 00
18:32:37.731027: 10 80 a0 00 00 00 00 00
18:32:37.751613: 10 80 a0 00 00 00 00 00
18:32:37.771966: 10 80 a0 00 00 00 00 00
18:32:37.792486: 10 80 a0 00 00 00 00 00
18:32:37.813082: 10 80 a0 00 00 00 00 00
18:32:37.832940: 10 80 a0 00 00 00 00 00
18:32:37.853046: 10 80 a0 00 00 00 00 00
18:32:37.870193: 10 80 a0 00 00 00 00 00
18:32:37.890593: 10 80 a0 00 00 00 00 00
18:32:37.912836: 10 80 a0 00 00 00 00 00
18:32:37.932421: 10 80 a0 00 00 00 00 00
18:32:37.952234: 10 80 a0 00 00 00 00 00
18:32:37.972769: 10 80 a0 00 00 00 00 00
18:32:37.992909: 10 80 a0 00 00 00 00 00
18:32:38.013883: 10 80 a0 00 00 00 00 00
18:32:38.029913: 10 80 a0 00 00 00 00 00
18:32:38.050441: 10 80 a0 00 00 00 00 00
18:32:38.070970: 10 80 a0 00 00 00 00 00
18:32:38.091641: 10 80 a0 00 00 00 00 00
18:32:38.111886: 10 80 a0 00 00 00 00 00
18:32:38.132422: 10 80 a0 00 00 00 00 00
18:32:38.152848: 10 80 a0 00 00 00 00 00
18:32:38.173020: 10 80 a0 00 00 00 00 00
18:32:38.193079: 10 80 a0 00 00 00 00 00
18:32:38.210140: 10 80 a0 00 00 00 00 00
18:32:38.230660: 10 80 a0 00 00 00 00 00
18:32:38.251125: 10 80 a0 00 00 00 00 00
18:32:38.271714: 10 80 a0 00 00 00 00 00
18:32:38.292151: 10 80 a0 00 00 00 00 00
18:32:38.312591: 10 80 a0 00 00 00 00 00
18:32:38.332925: 10 80 a0 00 00 00 00 00
18:32:38.353075: 10 80 a0 00 00 00 00 00
18:32:38.369871: 10 80 a0 00 00 00 00 00
18:32:38.390372: 10 80 a0 00 00 00 00 00
18:32:38.410929: 10 80 a0 00 00 00 00 00
18:32:38.431429: 10 80 a0 00 00 00 00 00
18:32:38.451874: 10 80 a0 00 00 00 00 00
18:32:38.472359: 10 80 a0 00 00 00 00 00
18:32:38.493550: 10 80 a0 00 00 00 00 00
18:32:38.512918: 10 80 a0 00 00 00 00 00
18:32:38.533076: 10 80 a0 00 00 00 00 00
18:32:38.550119: 10 80 a0 00 00 00 00 00
18:32:38.570564: 10 80 a0 00 00 00 00 00
18:32:38.591161: 10 80 a0 00 00 00 00 00
18:32:38.611611: 10 80 a0 00 00 00 00 00
18:32:38.632093: 10 80 a0 00 00 00 00 00
18:32:38.652857: 10 80 a0 00 00 00 00 00
18:32:38.672919: 10 80 a0 00 00 00 00 00
18:32:38.693018: 10 80 a0 00 00 00 00 00
18:32:38.709854: 10 80 a0 00 00 00 00 00
18:32:38.730358: 10 80 a0 00 00 00 00 00
18:32:38.750769: 10 80 a0 00 00 00 00 00
18:32:38.771411: 10 80 a0 00 00 00 00 00
18:32:38.791824: 10 80 a0 00 00 00 00 00
18:32:38.812354: 10 80 a0 00 00 00 00 00
18:32:38.832836: 10 80 a0 00 00 00 00 00
18:32:38.852939: 10 80 a0 00 00 00 00 00
18:32:38.873158: 10 80 a0 00 00 00 00 00
18:32:38.890070: 10 80 a0 00 00 00 00 00
18:32:38.911896: 10 80 a0 00 00 00 00 00
18:32:38.931163: 10 80 a0 00 00 00 00 00
18:32:38.951665: 10 80 a0 00 00 00 00 00
18:32:38.972081: 10 80 a0 00 00 00 00 00
18:32:38.992594: 10 80 a0 00 00 00 00 00
18:32:39.013137: 10 80 a0 00 00 00 00 00
18:32:39.033037: 10 80 a0 00 00 00 00 00
18:32:39.049810: 10 80 a0 00 00 00 00 00
18:32:39.070320: 10 80 a0 00 00 00 00 00
18:32:39.090744: 10 80 a0 00 00 00 00 00
18:32:39.111361: 10 80 a0 00 00 00 00 00
18:32:39.132102: 10 80 a0 00 00 00 00 00
18:32:39.152306: 10 80 a0 00 00 00 00 00
18:32:39.172764: 10 80 a0 00 00 00 00 00
18:32:39.192899: 10 80 a0 00 00 00 00 00
18:32:39.213023: 10 80 a0 00 00 00 00 00
18:32:39.230008: 10 80 a0 00 00 00 00 00
18:32:39.250532: 10 80 a0 00 00 00 00 00
18:32:39.271039: 10 80 a0 00 00 00 00 00
18:32:39.292342: 10 80 a0 00 00 00 00 00
18:32:39.312102: 10 80 a0 00 00 00 00 00
18:32:39.332661: 10 80 a0 00 00 00 00 00
18:32:39.354173: 10 80 a0 00 00 00 00 00
18:32:39.372995: 10 80 a0 00 00 00 00 00
18:32:39.389754: 10 80 a0 00 00 00 00 00
18:32:39.410315: 10 80 a0 00 00 00 00 00
18:32:39.431155: 10 80 a0 00 00 00 00 00
18:32:39.451955: 10 80 a0 00 00 00 00 00
18:32:39.471740: 10 80 a0 00 00 00 00 00
18:32:39.492224: 10 80 a0 00 00 00 00 00
18:32:39.513590: 10 80 a0 00 00 00 00 00
18:32:39.533366: 10 80 a0 00 00 00 00 00
18:32:39.552994: 10 80 a0 00 00 00 00 00
18:32:39.569997: 10 80 a0 00 00 00 00 00
18:32:39.590526: 10 80 a0 00 00 00 00 00
18:32:39.611859: 10 80 a0 00 00 00 00 00
18:32:39.631600: 10 80 a0 00 00 00 00 00
18:32:39.651917: 10 80 a0 00 00 00 00 00
18:32:39.672524: 10 80 a0 00 00 00 00 00
18:32:39.692761: 10 80 a0 00 00 00 00 00
18:32:39.713705: 10 80 a0 00 00 00 00 00
18:32:39.730419: 10 80 a0 00 00 00 00 00
18:32:39.749489: 10 80 a0 00 00 00 00 00
18:32:39.770722: 10 80 a0 00 00 00 00 00
18:32:39.791220: 10 80 a0 00 00 00 00 00
18:32:39.811735: 10 80 a0 00 00 00 00 00
18:32:39.832267: 10 80 a0 00 00 00 00 00
18:32:39.853502: 10 80 a0 00 00 00 00 00
18:32:39.872903: 10 80 a0 00 00 00 00 00
18:32:39.893070: 10 80 a0 00 00 00 00 00
18:32:39.909900: 10 80 a0 00 00 00 00 00
18:32:39.930448: 10 80 a0 00 00 00 00 00
18:32:39.950828: 10 80 a0 00 00 00 00 00
18:32:39.971498: 10 80 a0 00 00 00 00 00
18:32:39.992610: 10 80 a0 00 00 00 00 00
18:32:40.012535: 10 80 a0 00 00 00 00 00
18:32:40.032830: 10 80 a0 00 00 00 00 00
18:32:40.052917: 10 80 a0 00 00 00 00 00
18:32:40.069655: 10 80 a0 00 00 00 00 00
18:32:40.090124: 10 80 a0 00 00 00 00 00
18:32:40.110642: 10 80 a0 00 00 00 00 00
18:32:40.131150: 10 80 a0 00 00 00 00 00
18:32:40.152126: 10 80 a0 00 00 00 00 00
18:32:40.172350: 10 80 a0 00 00 00 00 00
18:32:40.192616: 10 80 a0 00 00 00 00 00
18:32:40.212837: 10 80 a0 00 00 00 00 00
18:32:40.233030: 10 80 a0 00 00 00 00 00
18:32:40.249883: 10 80 a0 00 00 00 00 00
18:32:40.270366: 10 80 a0 00 00 00 00 00
18:32:40.290799: 10 80 a0 00 00 00 00 00
18:32:40.311460: 10 80 a0 00 00 00 00 00
18:32:40.331882: 10 80 a0 00 00 00 00 00
18:32:40.352397: 10 80 a0 00 00 00 00 00
18:32:40.372685: 10 80 a0 00 00 00 00 00
18:32:40.393628: 10 80 a0 00 00 00 00 00
18:32:40.412906: 10 80 a0 00 00 00 00 00
18:32:40.430670: 10 80 a0 00 00 00 00 00
18:32:40.451282: 10 80 a0 00 00 00 00 00
18:32:40.471104: 10 80 a0 00 00 00 00 00
18:32:40.491588: 10 80 a0 00 00 00 00 00
18:32:40.512116: 10 80 a0 00 00 00 00 00
18:32:40.532625: 10 80 a0 00 00 00 00 00
18:32:40.552732: 10 80 a0 00 00 00 00 00
18:32:40.572998: 10 80 a0 00 00 00 00 00
18:32:40.589825: 10 80 a0 00 00 00 00 00
18:32:40.610335: 10 80 a0 00 00 00 00 00
18:32:40.630770: 10 80 a0 00 00 00 00 00
18:32:40.651409: 10 80 a0 00 00 00 00 00
18:32:40.671761: 10 80 a0 00 00 00 00 00
18:32:40.691658: 10 80 a0 00 00 00 00 00
18:32:40.713329: 10 80 a0 00 00 00 00 00
18:32:40.733090: 10 80 a0 00 00 00 00 00
18:32:40.752928: 10 80 a0 00 00 00 00 00
18:32:40.770065: 10 80 a0 00 00 00 00 00
18:32:40.790482: 10 80 a0 00 00 00 00 00
18:32:40.811091: 10 80 a0 00 00 00 00 00
18:32:40.831626: 10 80 a0 00 00 00 00 00
18:32:40.853179: 10 80 a0 00 00 00 00 00
18:32:40.873195: 10 80 a0 00 00 00 00 00
18:32:40.892775: 10 80 a0 00 00 00 00 00
18:32:40.913573: 10 80 a0 00 00 00 00 00
18:32:40.929793: 10 80 a0 00 00 00 00 00
18:32:40.951631: 10 80 a0 00 00 00 00 00
18:32:40.970077: 10 80 a0 00 00 00 00 00
18:32:40.991477: 10 80 a0 00 00 00 00 00
18:32:41.011873: 10 80 a0 00 00 00 00 00
18:32:41.032320: 10 80 a0 00 00 00 00 00
18:32:41.052602: 10 80 a0 00 00 00 00 00
18:32:41.072875: 10 80 a0 00 00 00 00 00
18:32:41.092923: 10 80 a0 00 00 00 00 00
18:32:41.110003: 10 80 a0 00 00 00 00 00
18:32:41.130556: 10 80 a0 00 00 00 00 00
18:32:41.151092: 10 80 a0 00 00 00 00 00
18:32:41.171604: 10 80 a0 00 00 00 00 00
18:32:41.191972: 10 80 a0 00 00 00 00 00
18:32:41.212075: 10 80 a0 00 00 00 00 00
18:32:41.233405: 10 80 a0 00 00 00 00 00
18:32:41.252989: 10 80 a0 00 00 00 00 00
18:32:41.269754: 10 80 a0 00 00 00 00 00
18:32:41.290176: 10 80 a0 00 00 00 00 00
18:32:41.310663: 10 80 a0 00 00 00 00 00
18:32:41.331281: 10 80 a0 00 00 00 00 00
18:32:41.351697: 10 80 a0 00 00 00 00 00
18:32:41.372266: 10 80 a0 00 00 00 00 00
18:32:41.392990: 10 80 a0 00 00 00 00 00
18:32:41.412771: 10 80 a0 00 00 00 00 00
18:32:41.433049: 10 80 a0 00 00 00 00 00
18:32:41.449930: 10 80 a0 00 00 00 00 00
18:32:41.470419: 10 80 a0 00 00 00 00 00
18:32:41.490955: 10 80 a0 00 00 00 00 00
18:32:41.511586: 10 80 a0 00 00 00 00 00
18:32:41.531976: 10 80 a0 00 00 00 00 00
18:32:41.551875: 10 80 a0 00 00 00 00 00
18:32:41.573363: 10 80 a0 00 00 00 00 00
18:32:41.592884: 10 80 a0 00 00 00 00 00
18:32:41.609670: 10 80 a0 00 00 00 00 00
18:32:41.630175: 10 80 a0 00 00 00 00 00
18:32:41.650654: 10 80 a0 00 00 00 00 00
18:32:41.671153: 10 80 a0 00 00 00 00 00
18:32:41.691720: 10 80 a0 00 00 00 00 00
18:32:41.711527: 10 80 a0 00 00 00 00 00
18:32:41.733355: 10 80 a0 00 00 00 00 00
18:32:41.752858: 10 80 a0 00 00 00 00 00
18:32:41.772989: 10 80 a0 00 00 00 00 00
18:32:41.789930: 10 80 a0 00 00 00 00 00
18:32:41.810494: 10 80 a0 00 00 00 00 00
18:32:41.830947: 10 80 a0 00 00 00 00 00
18:32:41.851395: 10 80 a0 00 00 00 00 00
18:32:41.871880: 10 80 a0 00 00 00 00 00
18:32:41.892467: 10 80 a0 00 00 00 00 00
18:32:41.912631: 10 80 a0 00 00 00 00 00
18:32:41.932798: 10 80 a0 00 00 00 00 00
18:32:41.950375: 10 80 a0 00 00 00 00 00
18:32:41.970157: 10 80 a0 00 00 00 00 00
18:32:41.990618: 10 80 a0 00 00 00 00 00
18:32:42.011132: 10 80 a0 00 00 00 00 00
18:32:42.031709: 10 80 a0 00 00 00 00 00
18:32:42.052155: 10 80 a0 00 00 00 00 00
18:32:42.072633: 10 80 a0 00 00 00 00 00
18:32:42.092733: 10 80 a0 00 00 00 00 00
18:32:42.112916: 10 80 a0 00 00 00 00 00
18:32:42.129914: 10 80 a0 00 00 00 00 00
18:32:42.150412: 10 80 a0 00 00 00 00 00
18:32:42.170828: 10 80 a0 00 00 00 00 00
18:32:42.191824: 10 80 a0 00 00 00 00 00
18:32:42.211891: 10 80 a0 00 00 00 00 00
18:32:42.232397: 10 80 a0 00 00 00 00 00
18:32:42.252746: 10 80 a0 00 00 00 00 00
18:32:42.272813: 10 80 a0 00 00 00 00 00
18:32:42.289607: 10 80 a0 00 00 00 00 00
18:32:42.310086: 10 80 a0 00 00 00 00 00
18:32:42.330711: 10 80 a0 00 00 00 00 00
18:32:42.351136: 10 80 a0 00 00 00 00 00
18:32:42.371579: 10 80 a0 00 00 00 00 00
18:32:42.392082: 10 80 a0 00 00 00 00 00
18:32:42.412563: 10 80 a0 00 00 00 00 00
18:32:42.432728: 10 80 a0 00 00 00 00 00
18:32:42.452838: 10 80 a0 00 00 00 00 00
18:32:42.469809: 10 80 a0 00 00 00 00 00
18:32:42.491215: 10 80 a0 00 00 00 00 00
18:32:42.510747: 10 80 a0 00 00 00 00 00
18:32:42.531437: 10 80 a0 00 00 00 00 00
18:32:42.551844: 10 80 a0 00 00 00 00 00
18:32:42.572340: 10 80 a0 00 00 00 00 00
18:32:42.592603: 10 80 a0 00 00 00 00 00
18:32:42.613544: 10 80 a0 00 00 00 00 00
18:32:42.629587: 10 80 a0 00 00 00 00 00
18:32:42.650099: 10 80 a0 00 00 00 00 00
18:32:42.670483: 10 80 a0 00 00 00 00 00
18:32:42.691083: 10 80 a0 00 00 00 00 00
18:32:42.711536: 10 80 a0 00 00 00 00 00
18:32:42.732083: 10 80 a0 00 00 00 00 00
18:32:42.751888: 10 80 a0 00 00 00 00 00
18:32:42.772641: 10 80 a0 00 00 00 00 00
18:32:42.792830: 10 80 a0 00 00 00 00 00
18:32:42.809806: 10 80 a0 00 00 00 00 00
18:32:42.830332: 10 80 a0 00 00 00 00 00
18:32:42.850722: 10 80 a0 00 00 00 00 00
18:32:42.871338: 10 80 a0 00 00 00 00 00
18:32:42.891769: 10 80 a0 00 00 00 00 00
18:32:42.911615: 10 80 a0 00 00 00 00 00
18:32:42.932588: 10 80 a0 00 00 00 00 00
18:32:42.953440: 10 80 a0 00 00 00 00 00
18:32:42.969602: 10 80 a0 00 00 00 00 00
18:32:42.989987: 10 80 a0 00 00 00 00 00
18:32:43.010501: 10 80 a0 00 00 00 00 00
18:32:43.031016: 10 80 a0 00 00 00 00 00
18:32:43.051437: 10 80 a0 00 00 00 00 00
18:32:43.072017: 10 80 a0 00 00 00 00 00
18:32:43.092445: 10 80 a0 00 00 00 00 00
18:32:43.113283: 10 80 a0 00 00 00 00 00
18:32:43.132697: 10 80 a0 00 00 00 00 00
18:32:43.149721: 10 80 a0 00 00 00 00 00
18:32:43.170248: 10 80 a0 00 00 00 00 00
18:32:43.190706: 10 80 a0 00 00 00 00 00
18:32:43.211201: 10 80 a0 00 00 00 00 00
18:32:43.231759: 10 80 a0 00 00 00 00 00
18:32:43.252267: 10 80 a0 00 00 00 00 00
18:32:43.272603: 10 80 a0 00 00 00 00 00
18:32:43.292875: 10 80 a0 00 00 00 00 00
18:32:43.309994: 10 80 a0 00 00 00 00 00
18:32:43.329898: 10 80 a0 00 00 00 00 00
18:32:43.350485: 10 80 a0 00 00 00 00 00
18:32:43.371026: 10 80 a0 00 00 00 00 00
18:32:43.391516: 10 80 a0 00 00 00 00 00
18:32:43.411948: 10 80 a0 00 00 00 00 00
18:32:43.432431: 10 80 a0 00 00 00 00 00
18:32:43.452622: 10 80 a0 00 00 00 00 00
18:32:43.473527: 10 80 a0 00 00 00 00 00
18:32:43.489680: 10 80 a0 00 00 00 00 00
18:32:43.510182: 10 80 a0 00 00 00 00 00
18:32:43.530657: 10 80 a0 00 00 00 00 00
18:32:43.551181: 10 80 a0 00 00 00 00 00
18:32:43.571862: 10 80 a0 00 00 00 00 00
18:32:43.591530: 10 80 a0 00 00 00 00 00
18:32:43.612488: 10 80 a0 00 00 00 00 00
18:32:43.632682: 10 80 a0 00 00 00 00 00
18:32:43.649437: 10 80 a0 00 00 00 00 00
18:32:43.669837: 10 80 a0 00 00 00 00 00
18:32:43.690344: 10 80 a0 00 00 00 00 00
18:32:43.710834: 10 80 a0 00 00 00 00 00
18:32:43.731442: 10 80 a0 00 00 00 00 00
18:32:43.751896: 10 80 a0 00 00 00 00 00
18:32:43.772437: 10 80 a0 00 00 00 00 00
18:32:43.792587: 10 80 a0 00 00 00 00 00
18:32:43.812766: 10 80 a0 00 00 00 00 00
18:32:43.829645: 10 80 a0 00 00 00 00 00
18:32:43.850204: 10 80 a0 00 00 00 00 00
18:32:43.870581: 10 80 a0 00 00 00 00 00
18:32:43.891108: 10 80 a0 00 00 00 00 00
18:32:43.911691: 10 80 a0 00 00 00 00 00
18:32:43.932129: 10 80 a0 00 00 00 00 00
18:32:43.952516: 10 80 a0 00 00 00 00 00
18:32:43.972704: 10 80 a0 00 00 00 00 00
18:32:43.989398: 10 80 a0 00 00 00 00 00
18:32:44.009782: 10 80 a0 00 00 00 00 00
18:32:44.030350: 10 80 a0 00 00 00 00 00
18:32:44.051451: 10 80 a0 00 00 00 00 00
18:32:44.070618: 10 80 a0 00 00 00 00 00
18:32:44.092514: 10 80 a0 00 00 00 00 00
18:32:44.112406: 10 80 a0 00 00 00 00 00
18:32:44.132550: 10 80 a0 00 00 00 00 00
18:32:44.152636: 10 80 a0 00 00 00 00 00
18:32:44.169590: 10 80 a0 00 00 00 00 00
18:32:44.190072: 10 80 a0 00 00 00 00 00
18:32:44.210615: 10 80 a0 00 00 00 00 00
18:32:44.231196: 10 80 a0 00 00 00 00 00
18:32:44.251601: 10 80 a0 00 00 00 00 00
18:32:44.272044: 10 80 a0 00 00 00 00 00
18:32:44.292525: 10 80 a0 00 00 00 00 00
18:32:44.313314: 10 80 a0 00 00 00 00 00
18:32:44.332905: 10 80 a0 00 00 00 00 00
18:32:44.350587: 10 80 a0 00 00 00 00 00
18:32:44.370294: 10 80 a0 00 00 00 00 00
18:32:44.390798: 10 80 a0 00 00 00 00 00
18:32:44.411309: 10 80 a0 00 00 00 00 00
18:32:44.431794: 10 80 a0 00 00 00 00 00
18:32:44.451669: 10 80 a0 00 00 00 00 00
18:32:44.472508: 10 80 a0 00 00 00 00 00
18:32:44.492690: 10 80 a0 00 00 00 00 00
18:32:44.509523: 10 80 a0 00 00 00 00 00
18:32:44.530071: 10 80 a0 00 00 00 00 00
18:32:44.550518: 10 80 a0 00 00 00 00 00
18:32:44.571117: 10 80 a0 00 00 00 00 00
18:32:44.591731: 10 80 a0 00 00 00 00 00
18:32:44.612116: 10 80 a0 00 00 00 00 00
18:32:44.632482: 10 80 a0 00 00 00 00 00
18:32:44.652633: 10 80 a0 00 00 00 00 00
18:32:44.672731: 10 80 a0 00 00 00 00 00
18:32:44.689811: 10 80 a0 00 00 00 00 00
18:32:44.710248: 10 80 a0 00 00 00 00 00
18:32:44.730741: 10 80 a0 00 00 00 00 00
18:32:44.751309: 10 80 a0 00 00 00 00 00
18:32:44.771749: 10 80 a0 00 00 00 00 00
18:32:44.791593: 10 80 a0 00 00 00 00 00
18:32:44.812528: 10 80 a0 00 00 00 00 00
18:32:44.832683: 10 80 a0 00 00 00 00 00
18:32:44.849550: 10 80 a0 00 00 00 00 00
18:32:44.870005: 10 80 a0 00 00 00 00 00
18:32:44.890520: 10 80 a0 00 00 00 00 00
18:32:44.911729: 10 80 a0 00 00 00 00 00
18:32:44.931584: 10 80 a0 00 00 00 00 00
18:32:44.951346: 10 80 a0 00 00 00 00 00
18:32:44.972308: 10 80 a0 00 00 00 00 00
18:32:44.992525: 10 80 a0 00 00 00 00 00
18:32:45.012643: 10 80 a0 00 00 00 00 00
18:32:45.029710: 10 80 a0 00 00 00 00 00
18:32:45.050279: 10 80 a0 00 00 00 00 00
18:32:45.070665: 10 80 a0 00 00 00 00 00
18:32:45.091178: 10 80 a0 00 00 00 00 00
18:32:45.111793: 10 80 a0 00 00 00 00 00
18:32:45.131518: 10 80 a0 00 00 00 00 00
18:32:45.152519: 10 80 a0 00 00 00 00 00
18:32:45.172594: 10 80 a0 00 00 00 00 00
18:32:45.189497: 10 80 a0 00 00 00 00 00
18:32:45.209925: 10 80 a0 00 00 00 00 00
18:32:45.230473: 10 80 a0 00 00 00 00 00
18:32:45.250985: 10 80 a0 00 00 00 00 00
18:32:45.271461: 10 80 a0 00 00 00 00 00
18:32:45.291907: 10 80 a0 00 00 00 00 00
18:32:45.312273: 10 80 a0 00 00 00 00 00
18:32:45.332496: 10 80 a0 00 00 00 00 00
18:32:45.352618: 10 80 a0 00 00 00 00 00
18:32:45.369653: 10 80 a0 00 00 00 00 00
18:32:45.390226: 10 80 a0 00 00 00 00 00
18:32:45.410615: 10 80 a0 00 00 00 00 00
18:32:45.431237: 10 80 a0 00 00 00 00 00
18:32:45.451809: 10 80 a0 00 00 00 00 00
18:32:45.472218: 10 80 a0 00 00 00 00 00
18:32:45.492383: 10 80 a0 00 00 00 00 00
18:32:45.512645: 10 80 a0 00 00 00 00 00
18:32:45.529566: 10 80 a0 00 00 00 00 00
18:32:45.549935: 10 80 a0 00 00 00 00 00
18:32:45.570476: 10 80 a0 00 00 00 00 00
18:32:45.590914: 10 80 a0 00 00 00 00 00
18:32:45.611407: 10 80 a0 00 00 00 00 00
18:32:45.631864: 10 80 a0 00 00 00 00 00
18:32:45.652426: 10 80 a0 00 00 00 00 00
18:32:45.672441: 10 80 a0 00 00 00 00 00
18:32:45.692685: 10 80 a0 00 00 00 00 00
18:32:45.709572: 10 80 a0 00 00 00 00 00
18:32:45.730078: 10 80 a0 00 00 00 00 00
18:32:45.750608: 10 80 a0 00 00 00 00 00
18:32:45.771177: 10 80 a0 00 00 00 00 00
18:32:45.791591: 10 80 a0 00 00 00 00 00
18:32:45.812206: 10 80 a0 00 00 00 00 00
18:32:45.832261: 10 80 a0 00 00 00 00 00
18:32:45.852523: 10 80 a0 00 00 00 00 00
18:32:45.869441: 10 80 a0 00 00 00 00 00
18:32:45.889820: 10 80 a0 00 00 00 00 00
18:32:45.911156: 10 80 a0 00 00 00 00 00
18:32:45.930121: 10 80 a0 00 00 00 00 00
18:32:45.952152: 10 80 a0 00 00 00 00 00
18:32:45.973304: 10 80 a0 00 00 00 00 00
18:32:45.992355: 10 80 a0 00 00 00 00 00
18:32:46.012459: 10 80 a0 00 00 00 00 00
18:32:46.032691: 10 80 a0 00 00 00 00 00
18:32:46.049541: 10 80 a0 00 00 00 00 00
18:32:46.070081: 10 80 a0 00 00 00 00 00
18:32:46.090594: 10 80 a0 00 00 00 00 00
18:32:46.111141: 10 80 a0 00 00 00 00 00
18:32:46.131542: 10 80 a0 00 00 00 00 00
18:32:46.152098: 10 80 a0 00 00 00 00 00
18:32:46.172327: 10 80 a0 00 00 00 00 00
18:32:46.192521: 10 80 a0 00 00 00 00 00
18:32:46.209392: 10 80 a0 00 00 00 00 00
18:32:46.229807: 10 80 a0 00 00 00 00 00
18:32:46.250310: 10 80 a0 00 00 00 00 00
18:32:46.270122: 10 80 a0 00 00 00 00 00
18:32:46.291315: 10 80 a0 00 00 00 00 00
18:32:46.311843: 10 80 a0 00 00 00 00 00
18:32:46.332349: 10 80 a0 00 00 00 00 00
18:32:46.352403: 10 80 a0 00 00 00 00 00
18:32:46.372553: 10 80 a0 00 00 00 00 00
18:32:46.389497: 10 80 a0 00 00 00 00 00
18:32:46.409999: 10 80 a0 00 00 00 00 00
18:32:46.430450: 10 80 a0 00 00 00 00 00
18:32:46.451070: 10 80 a0 00 00 00 00 00
18:32:46.471585: 10 80 a0 00 00 00 00 00
18:32:46.491390: 10 80 a0 00 00 00 00 00
18:32:46.512608: 10 80 a0 00 00 00 00 00
18:32:46.532507: 10 80 a0 00 00 00 00 00
18:32:46.549272: 10 80 a0 00 00 00 00 00
18:32:46.569757: 10 80 a0 00 00 00 00 00
18:32:46.590261: 10 80 a0 00 00 00 00 00
18:32:46.610042: 10 80 a0 00 00 00 00 00
18:32:46.631340: 10 80 a0 00 00 00 00 00
18:32:46.651785: 10 80 a0 00 00 00 00 00
18:32:46.672274: 10 80 a0 00 00 00 00 00
18:32:46.692342: 10 80 a0 00 00 00 00 00
18:32:46.712495: 10 80 a0 00 00 00 00 00
18:32:46.729503: 10 80 a0 00 00 00 00 00
18:32:46.750040: 10 80 a0 00 00 00 00 00
18:32:46.770517: 10 80 a0 00 00 00 00 00
18:32:46.791019: 10 80 a0 00 00 00 00 00
18:32:46.811572: 10 80 f0 64 64 00 00 00
18:32:46.832049: 10 80 f0 64 64 00 00 00
18:32:46.852287: 10 80 f0 64 64 00 00 00
18:32:46.872472: 10 80 f0 64 64 00 00 00
18:32:46.891529: 10 80 f0 64 64 00 00 00
18:32:46.910010: 10 80 f0 64 64 00 00 00
18:32:46.930655: 10 80 f0 64 64 00 00 00
18:32:46.950670: 10 80 f0 64 64 00 00 00
18:32:46.971477: 10 80 f0 64 64 00 00 00
18:32:46.992212: 10 80 f0 64 64 00 00 00
18:32:47.011511: 10 80 f0 64 64 00 00 00
18:32:47.032398: 10 80 f0 64 64 00 00 00
18:32:47.052536: 10 80 f0 64 64 00 00 00
18:32:47.069449: 10 80 f0 64 64 00 00 00
18:32:47.092045: 10 80 f0 64 64 00 00 00
18:32:47.111544: 10 80 f0 64 64 00 00 00
18:32:47.130962: 10 80 f0 64 64 00 00 00
18:32:47.151439: 10 80 f0 64 64 00 00 00
18:32:47.171921: 10 80 f0 64 64 00 00 00
18:32:47.192786: 10 80 f0 64 64 00 00 00
18:32:47.213323: 10 80 f0 64 64 00 00 00
18:32:47.229756: 10 80 f0 64 64 00 00 00
18:32:47.249646: 10 80 f0 64 64 00 00 00
18:32:47.270161: 10 80 f0 64 64 00 00 00
18:32:47.290599: 10 80 f0 64 64 00 00 00
18:32:47.311831: 10 80 f0 64 64 00 00 00
18:32:47.331709: 10 80 f0 64 64 00 00 00
18:32:47.352165: 10 80 f0 64 64 00 00 00
18:32:47.372312: 10 80 f0 64 64 00 00 00
18:32:47.392523: 10 80 f0 64 64 00 00 00
18:32:47.409488: 10 80 f0 64 64 00 00 00
18:32:47.429894: 10 80 f0 64 64 00 00 00
18:32:47.450428: 10 80 f0 64 64 00 00 00
18:32:47.470899: 10 80 f0 64 64 00 00 00
18:32:47.492122: 10 80 f0 64 64 00 00 00
18:32:47.511901: 10 80 f0 64 64 00 00 00
18:32:47.532235: 10 80 f0 64 64 00 00 00
18:32:47.552437: 10 80 f0 64 64 00 00 00
18:32:47.569230: 10 80 f0 64 64 00 00 00
18:32:47.589574: 10 80 f0 64 64 00 00 00
18:32:47.610101: 10 80 f0 64 64 00 00 00
18:32:47.630545: 10 80 f0 64 64 00 00 00
18:32:47.651139: 10 80 f0 64 64 00 00 00
18:32:47.671561: 10 80 f0 64 64 00 00 00
18:32:47.692085: 10 80 f0 64 64 00 00 00
18:32:47.712251: 10 80 f0 64 64 00 00 00
18:32:47.733023: 10 80 f0 64 64 00 00 00
18:32:47.749382: 10 80 f0 64 64 00 00 00
18:32:47.769840: 10 80 f0 64 64 00 00 00
18:32:47.790334: 10 80 f0 64 64 00 00 00
18:32:47.810807: 10 80 f0 64 64 00 00 00
18:32:47.831315: 10 80 f0 64 64 00 00 00
18:32:47.851838: 10 80 f0 64 64 00 00 00
18:32:47.872236: 10 80 f0 64 64 00 00 00
18:32:47.892391: 10 80 f0 64 64 00 00 00
18:32:47.912553: 10 80 f0 64 64 00 00 00
18:32:47.929569: 10 80 f0 64 64 00 00 00
18:32:47.950021: 10 80 f0 64 64 00 00 00
18:32:47.970510: 10 80 f0 64 64 00 00 00
18:32:47.991092: 10 80 f0 64 64 00 00 00
18:32:48.011594: 10 80 f0 64 64 00 00 00
18:32:48.032067: 10 80 f0 64 64 00 00 00
18:32:48.052262: 10 80 f0 64 64 00 00 00
18:32:48.071714: 10 80 f0 64 64 00 00 00
18:32:48.089427: 10 80 f0 64 64 00 00 00
18:32:48.109860: 10 80 f0 64 64 00 00 00
18:32:48.130366: 10 80 f0 64 64 00 00 00
18:32:48.150746: 10 80 f0 64 64 00 00 00
18:32:48.171527: 10 80 f0 64 64 00 00 00
18:32:48.191818: 10 80 f0 64 64 00 00 00
18:32:48.212175: 10 80 f0 64 64 00 00 00
18:32:48.232309: 10 80 f0 64 64 00 00 00
18:32:48.252519: 10 80 f0 64 64 00 00 00
18:32:48.269493: 10 80 f0 64 64 00 00 00
18:32:48.289963: 10 80 f0 64 64 00 00 00
18:32:48.310440: 10 80 f0 64 64 00 00 00
18:32:48.331016: 10 80 f0 64 64 00 00 00
18:32:48.353423: 10 80 f0 64 64 00 00 00
18:32:48.372092: 10 80 f0 64 64 00 00 00
18:32:48.392286: 10 80 f0 64 64 00 00 00
18:32:48.412424: 10 80 f0 64 64 00 00 00
18:32:48.429281: 10 80 f0 64 64 00 00 00
18:32:48.449697: 10 80 f0 64 64 00 00 00
18:32:48.470241: 10 80 f0 64 64 00 00 00
18:32:48.490712: 10 80 f0 64 64 00 00 00
18:32:48.511217: 10 80 f0 64 64 00 00 00
18:32:48.531742: 10 80 f0 64 64 00 00 00
18:32:48.552371: 10 80 f0 64 64 00 00 00
18:32:48.572977: 10 80 f0 64 64 00 00 00
18:32:48.592472: 10 80 f0 64 64 00 00 00
18:32:48.609437: 10 80 f0 64 64 00 00 00
18:32:48.629935: 10 80 f0 64 64 00 00 00
18:32:48.650414: 10 80 f0 64 64 00 00 00
18:32:48.670960: 10 80 f0 64 64 00 00 00
18:32:48.691551: 10 80 f0 64 64 00 00 00
18:32:48.711965: 10 80 f0 64 64 00 00 00
18:32:48.732235: 10 80 f0 64 64 00 00 00
18:32:48.752407: 10 80 f0 64 64 00 00 00
18:32:48.769211: 10 80 f0 64 64 00 00 00
18:32:48.789714: 10 80 f0 64 64 00 00 00
18:32:48.810193: 10 80 f0 64 64 00 00 00
18:32:48.829998: 10 80 f0 64 64 00 00 00
18:32:48.851238: 10 80 f0 64 64 00 00 00
18:32:48.871677: 10 80 f0 64 64 00 00 00
18:32:48.892069: 10 80 f0 64 64 00 00 00
18:32:48.912194: 10 80 f0 64 64 00 00 00
18:32:48.932419: 10 80 f0 64 64 00 00 00
18:32:48.949450: 10 80 f0 64 64 00 00 00
18:32:48.969887: 10 80 f0 64 64 00 00 00
18:32:48.990405: 10 80 f0 64 64 00 00 00
18:32:49.010962: 10 80 f0 64 64 00 00 00
18:32:49.031442: 10 80 f0 64 64 00 00 00
18:32:49.052134: 10 80 f0 64 64 00 00 00
18:32:49.072218: 10 80 f0 64 64 00 00 00
18:32:49.092338: 10 80 f0 64 64 00 00 00
18:32:49.109170: 10 80 f0 64 64 00 00 00
18:32:49.129630: 10 80 f0 64 64 00 00 00
18:32:49.150186: 10 80 f0 64 64 00 00 00
18:32:49.171408: 10 80 f0 64 64 00 00 00
18:32:49.190450: 10 80 f0 64 64 00 00 00
18:32:49.211732: 10 80 f0 64 64 00 00 00
18:32:49.232115: 10 80 f0 64 64 00 00 00
18:32:49.252214: 10 80 f0 64 64 00 00 00
18:32:49.272463: 10 80 f0 64 64 00 00 00
18:32:49.289411: 10 80 f0 64 64 00 00 00
18:32:49.309841: 10 80 f0 64 64 00 00 00
18:32:49.330347: 10 80 f0 64 64 00 00 00
18:32:49.350896: 10 80 f0 64 64 00 00 00
18:32:49.371417: 10 80 f0 64 64 00 00 00
18:32:49.391961: 10 80 f0 64 64 00 00 00
18:32:49.412080: 10 80 f0 64 64 00 00 00
18:32:49.432284: 10 80 f0 64 64 00 00 00
18:32:49.449183: 10 80 f0 64 64 00 00 00
18:32:49.469622: 10 80 f0 64 64 00 00 00
18:32:49.490147: 10 80 f0 64 64 00 00 00
18:32:49.510567: 10 80 f0 64 64 00 00 00
18:32:49.531264: 10 80 f0 64 64 00 00 00
18:32:49.551698: 10 80 f0 64 64 00 00 00
18:32:49.572115: 10 80 f0 64 64 00 00 00
18:32:49.592203: 10 80 f0 64 64 00 00 00
18:32:49.612366: 10 80 f0 64 64 00 00 00
18:32:49.629348: 10 80 f0 64 64 00 00 00
18:32:49.649831: 10 80 f0 64 64 00 00 00
18:32:49.670298: 10 80 f0 64 64 00 00 00
18:32:49.690106: 10 80 f0 64 64 00 00 00
18:32:49.711348: 10 80 f0 64 64 00 00 00
18:32:49.731862: 10 80 f0 64 64 00 00 00
18:32:49.752160: 10 80 f0 64 64 00 00 00
18:32:49.772732: 10 80 f0 64 64 00 00 00
18:32:49.789086: 10 80 f0 64 64 00 00 00
18:32:49.809597: 10 80 a0 00 00 00 00 00
18:32:49.830111: 10 80 a0 00 00 00 00 00
18:32:49.850534: 10 80 a0 00 00 00 00 00
18:32:49.871061: 10 80 a0 00 00 00 00 00
18:32:49.891613: 10 80 a0 00 00 00 00 00
18:32:49.912071: 10 80 a0 00 00 00 00 00
18:32:49.932179: 10 80 a0 00 00 00 00 00
18:32:49.952318: 10 80 a0 00 00 00 00 00
18:32:49.969298: 10 80 a0 00 00 00 00 00
18:32:49.989785: 10 80 a0 00 00 00 00 00
18:32:50.010345: 10 80 a0 00 00 00 00 00
18:32:50.030085: 10 80 a0 00 00 00 00 00
18:32:50.051331: 10 80 a0 00 00 00 00 00
18:32:50.071846: 10 80 a0 00 00 00 00 00
18:32:50.092152: 10 80 a0 00 00 00 00 00
18:32:50.112243: 10 80 a0 00 00 00 00 00
18:32:50.129049: 10 80 a0 00 00 00 00 00
18:32:50.149501: 10 80 a0 00 00 00 00 00
18:32:50.170083: 10 80 a0 00 00 00 00 00
18:32:50.190473: 10 80 a0 00 00 00 00 00
18:32:50.211034: 10 80 a0 00 00 00 00 00
18:32:50.231532: 10 80 a0 00 00 00 00 00
18:32:50.251327: 10 80 a0 00 00 00 00 00
18:32:50.272211: 10 80 a0 00 00 00 00 00
18:32:50.292309: 10 80 a0 00 00 00 00 00
18:32:50.309229: 10 80 a0 00 00 00 00 00
18:32:50.329792: 10 80 a0 00 00 00 00 00
18:32:50.350253: 10 80 a0 00 00 00 00 00
18:32:50.372719: 10 80 a0 00 00 00 00 00
18:32:50.391295: 10 80 e0 3c 3c 00 00 00
18:32:50.411742: 10 80 e0 3c 3c 00 00 00
18:32:50.432004: 10 80 e0 3c 3c 00 00 00
18:32:50.452219: 10 80 e0 3c 3c 00 00 00
18:32:50.468997: 10 80 e0 3c 3c 00 00 00
18:32:50.489492: 10 80 e0 3c 3c 00 00 00
18:32:50.509940: 10 80 e0 3c 3c 00 00 00
18:32:50.530421: 10 80 e0 3c 3c 00 00 00
18:32:50.550971: 10 80 e0 3c 3c 00 00 00
18:32:50.571309: 10 80 e0 3c 3c 00 00 00
18:32:50.592009: 10 80 e0 3c 3c 00 00 00
18:32:50.612135: 10 80 e0 3c 3c 00 00 00
18:32:50.632299: 10 80 e0 3c 3c 00 00 00
18:32:50.649329: 10 80 e0 3c 3c 00 00 00
18:32:50.669007: 10 80 e0 3c 3c 00 00 00
18:32:50.690210: 10 80 e0 3c 3c 00 00 00
18:32:50.710687: 10 80 e0 3c 3c 00 00 00
18:32:50.731208: 10 80 e0 3c 3c 00 00 00
18:32:50.751796: 10 80 e0 3c 3c 00 00 00
18:32:50.771970: 10 80 e0 3c 3c 00 00 00
18:32:50.792320: 10 80 e0 3c 3c 00 00 00
18:32:50.809013: 10 80 e0 3c 3c 00 00 00
18:32:50.829454: 10 80 e0 3c 3c 00 00 00
18:32:50.849892: 10 80 e0 3c 3c 00 00 00
18:32:50.870399: 10 80 e0 3c 3c 00 00 00
18:32:50.891006: 10 80 e0 3c 3c 00 00 00
18:32:50.911432: 10 80 e0 3c 3c 00 00 00
18:32:50.931228: 10 80 e0 3c 3c 00 00 00
18:32:50.952742: 10 80 e0 3c 3c 00 00 00
18:32:50.972278: 10 80 e0 3c 3c 00 00 00
18:32:50.989151: 10 80 e0 3c 3c 00 00 00
18:32:51.009688: 10 80 e0 3c 3c 00 00 00
18:32:51.030149: 10 80 e0 3c 3c 00 00 00
18:32:51.049961: 10 80 e0 3c 3c 00 00 00
18:32:51.071170: 10 80 e0 3c 3c 00 00 00
18:32:51.091854: 10 80 e0 3c 3c 00 00 00
18:32:51.112101: 10 80 e0 3c 3c 00 00 00
18:32:51.132305: 10 80 e0 3c 3c 00 00 00
18:32:51.148914: 10 80 e0 3c 3c 00 00 00
18:32:51.169386: 10 80 e0 3c 3c 00 00 00
18:32:51.189871: 10 80 e0 3c 3c 00 00 00
18:32:51.210654: 10 80 e0 3c 3c 00 00 00
18:32:51.230940: 10 80 e0 3c 3c 00 00 00
18:32:51.251478: 10 80 e0 3c 3c 00 00 00
18:32:51.272011: 10 80 e0 3c 3c 00 00 00
18:32:51.291961: 10 80 e0 3c 3c 00 00 00
18:32:51.312216: 10 80 e0 3c 3c 00 00 00
18:32:51.329105: 10 80 e0 3c 3c 00 00 00
18:32:51.349581: 10 80 e0 3c 3c 00 00 00
18:32:51.370153: 10 80 e0 3c 3c 00 00 00
18:32:51.390589: 10 80 e0 3c 3c 00 00 00
18:32:51.411164: 10 80 e0 3c 3c 00 00 00
18:32:51.431638: 10 80 e0 3c 3c 00 00 00
18:32:51.451915: 10 80 e0 3c 3c 00 00 00
18:32:51.472080: 10 80 e0 3c 3c 00 00 00
18:32:51.488908: 10 80 e0 3c 3c 00 00 00
18:32:51.509326: 10 80 e0 3c 3c 00 00 00
18:32:51.529871: 10 80 e0 3c 3c 00 00 00
18:32:51.550247: 10 80 e0 3c 3c 00 00 00
18:32:51.570766: 10 80 e0 3c 3c 00 00 00
18:32:51.591331: 10 80 e0 3c 3c 00 00 00
18:32:51.612042: 10 80 e0 3c 3c 00 00 00
18:32:51.631996: 10 80 e0 3c 3c 00 00 00
18:32:51.652229: 10 80 e0 3c 3c 00 00 00
18:32:51.669127: 10 80 e0 3c 3c 00 00 00
18:32:51.689621: 10 80 e0 3c 3c 00 00 00
18:32:51.710032: 10 80 e0 3c 3c 00 00 00
18:32:51.730546: 10 80 e0 3c 3c 00 00 00
18:32:51.751062: 10 80 e0 3c 3c 00 00 00
18:32:51.771592: 10 80 e0 3c 3c 00 00 00
18:32:51.791931: 10 80 e0 3c 3c 00 00 00
18:32:51.812138: 10 80 e0 3c 3c 00 00 00
18:32:51.832286: 10 80 e0 3c 3c 00 00 00
18:32:51.849343: 10 80 e0 3c 3c 00 00 00
18:32:51.869781: 10 80 e0 3c 3c 00 00 00
18:32:51.890199: 10 80 e0 3c 3c 00 00 00
18:32:51.910747: 10 80 e0 3c 3c 00 00 00
18:32:51.931272: 10 80 e0 3c 3c 00 00 00
18:32:51.951801: 10 80 e0 3c 3c 00 00 00
18:32:51.971979: 10 80 e0 3c 3c 00 00 00
18:32:51.992196: 10 80 e0 3c 3c 00 00 00
18:32:52.008989: 10 80 e0 3c 3c 00 00 00
18:32:52.029502: 10 80 e0 3c 3c 00 00 00
18:32:52.049982: 10 80 e0 3c 3c 00 00 00
18:32:52.070430: 10 80 e0 3c 3c 00 00 00
18:32:52.091017: 10 80 e0 3c 3c 00 00 00
18:32:52.111172: 10 80 e0 3c 3c 00 00 00
18:32:52.132364: 10 80 e0 3c 3c 00 00 00
18:32:52.152106: 10 80 e0 3c 3c 00 00 00
18:32:52.172214: 10 80 e0 3c 3c 00 00 00
18:32:52.189247: 10 80 e0 3c 3c 00 00 00
18:32:52.209713: 10 80 e0 3c 3c 00 00 00
18:32:52.230209: 10 80 e0 3c 3c 00 00 00
18:32:52.250680: 10 80 e0 3c 3c 00 00 00
18:32:52.271303: 10 80 e0 3c 3c 00 00 00
18:32:52.291713: 10 80 e0 3c 3c 00 00 00
18:32:52.312114: 10 80 e0 3c 3c 00 00 00
18:32:52.332227: 10 80 e0 3c 3c 00 00 00
18:32:52.349044: 10 80 e0 3c 3c 00 00 00
18:32:52.369455: 10 80 e0 3c 3c 00 00 00
18:32:52.389974: 10 80 e0 3c 3c 00 00 00
18:32:52.410423: 10 80 e0 3c 3c 00 00 00
18:32:52.431001: 10 80 e0 3c 3c 00 00 00
18:32:52.451490: 10 80 e0 3c 3c 00 00 00
18:32:52.473201: 10 80 e0 3c 3c 00 00 00
18:32:52.491992: 10 80 e0 3c 3c 00 00 00
18:32:52.512170: 10 80 e0 3c 3c 00 00 00
18:32:52.529147: 10 80 e0 3c 3c 00 00 00
18:32:52.549622: 10 80 e0 3c 3c 00 00 00
18:32:52.570259: 10 80 e0 3c 3c 00 00 00
18:32:52.591433: 10 80 e0 3c 3c 00 00 00
18:32:52.610477: 10 80 e0 3c 3c 00 00 00
18:32:52.631731: 10 80 e0 3c 3c 00 00 00
18:32:52.652142: 10 80 e0 3c 3c 00 00 00
18:32:52.672837: 10 80 e0 3c 3c 00 00 00
18:32:52.688977: 10 80 e0 3c 3c 00 00 00
18:32:52.709392: 10 80 e0 3c 3c 00 00 00
18:32:52.729954: 10 80 a0 00 00 00 00 00
18:32:52.750398: 10 80 a0 00 00 00 00 00
18:32:52.770950: 10 80 a0 00 00 00 00 00
18:32:52.791378: 10 80 a0 00 00 00 00 00
18:32:52.811825: 10 80 a0 00 00 00 00 00
18:32:52.831989: 10 80 a0 00 00 00 00 00
18:32:52.852172: 10 80 a0 00 00 00 00 00
18:32:52.869210: 10 80 a0 00 00 00 00 00
18:32:52.889677: 10 80 a0 00 00 00 00 00
18:32:52.910079: 10 80 a0 00 00 00 00 00
18:32:52.930596: 10 80 a0 00 00 00 00 00
18:32:52.951218: 10 80 a0 00 00 00 00 00
18:32:52.971645: 10 80 a0 00 00 00 00 00
18:32:52.991831: 10 80 a0 00 00 00 00 00
18:32:53.012039: 10 80 a0 00 00 00 00 00
18:32:53.029145: 10 80 a0 00 00 00 00 00
18:32:53.049451: 10 80 a0 00 00 00 00 00
18:32:53.069919: 10 80 a0 00 00 00 00 00
18:32:53.090354: 10 80 a0 00 00 00 00 00
18:32:53.110908: 10 80 a0 00 00 00 00 00
18:32:53.131430: 10 80 a0 00 00 00 00 00
18:32:53.151829: 10 80 a0 00 00 00 00 00
18:32:53.171914: 10 80 a0 00 00 00 00 00
18:32:53.192123: 10 80 a0 00 00 00 00 00
18:32:53.209295: 10 80 a0 00 00 00 00 00
18:32:53.229611: 10 80 a0 00 00 00 00 00
18:32:53.250086: 10 80 f0 64 64 00 00 00
18:32:53.270561: 10 80 f0 64 64 00 00 00
18:32:53.291845: 10 80 f0 64 64 00 00 00
18:32:53.311677: 10 80 f0 64 64 00 00 00
18:32:53.331903: 10 80 f0 64 64 00 00 00
18:32:53.352014: 10 80 f0 64 64 00 00 00
18:32:53.368895: 10 80 f0 64 64 00 00 00
18:32:53.389357: 10 80 f0 64 64 00 00 00
18:32:53.409913: 10 80 f0 64 64 00 00 00
18:32:53.430394: 10 80 f0 64 64 00 00 00
18:32:53.450798: 10 80 f0 64 64 00 00 00
18:32:53.471237: 10 80 f0 64 64 00 00 00
18:32:53.491794: 10 80 f0 64 64 00 00 00
18:32:53.511884: 10 80 f0 64 64 00 00 00
18:32:53.532077: 10 80 f0 64 64 00 00 00
18:32:53.549842: 10 80 f0 64 64 00 00 00
18:32:53.570122: 10 80 f0 64 64 00 00 00
18:32:53.590030: 10 80 f0 64 64 00 00 00
18:32:53.609864: 10 80 f0 64 64 00 00 00
18:32:53.631847: 10 80 f0 64 64 00 00 00
18:32:53.651570: 10 80 f0 64 64 00 00 00
18:32:53.671799: 10 80 f0 64 64 00 00 00
18:32:53.692244: 10 80 f0 64 64 00 00 00
18:32:53.708781: 10 80 f0 64 64 00 00 00
18:32:53.729242: 10 80 f0 64 64 00 00 00
18:32:53.749795: 10 80 f0 64 64 00 00 00
18:32:53.770276: 10 80 f0 64 64 00 00 00
18:32:53.790734: 10 80 f0 64 64 00 00 00
18:32:53.811323: 10 80 f0 64 64 00 00 00
18:32:53.831824: 10 80 f0 64 64 00 00 00
18:32:53.851848: 10 80 f0 64 64 00 00 00
18:32:53.871992: 10 80 f0 64 64 00 00 00
18:32:53.889067: 10 80 f0 64 64 00 00 00
18:32:53.909484: 10 80 f0 64 64 00 00 00
18:32:53.930068: 10 80 f0 64 64 00 00 00
18:32:53.950466: 10 80 f0 64 64 00 00 00
18:32:53.971024: 10 80 f0 64 64 00 00 00
18:32:53.991498: 10 80 f0 64 64 00 00 00
18:32:54.011790: 10 80 f0 64 64 00 00 00
18:32:54.032043: 10 80 f0 64 64 00 00 00
18:32:54.048784: 10 80 f0 64 64 00 00 00
18:32:54.069250: 10 80 f0 64 64 00 00 00
18:32:54.089746: 10 80 f0 64 64 00 00 00
18:32:54.110169: 10 80 f0 64 64 00 00 00
18:32:54.130675: 10 80 f0 64 64 00 00 00
18:32:54.151901: 10 80 f0 64 64 00 00 00
18:32:54.171767: 10 80 f0 64 64 00 00 00
18:32:54.191830: 10 80 f0 64 64 00 00 00
18:32:54.211955: 10 80 f0 64 64 00 00 00
18:32:54.229043: 10 80 f0 64 64 00 00 00
18:32:54.249405: 10 80 f0 64 64 00 00 00
18:32:54.270001: 10 80 f0 64 64 00 00 00
18:32:54.290420: 10 80 f0 64 64 00 00 00
18:32:54.311008: 10 80 f0 64 64 00 00 00
18:32:54.331501: 10 80 f0 64 64 00 00 00
18:32:54.351906: 10 80 f0 64 64 00 00 00
18:32:54.372015: 10 80 f0 64 64 00 00 00
18:32:54.388702: 10 80 f0 64 64 00 00 00
18:32:54.409213: 10 80 f0 64 64 00 00 00
18:32:54.429730: 10 80 f0 64 64 00 00 00
18:32:54.450150: 10 80 f0 64 64 00 00 00
18:32:54.470651: 10 80 f0 64 64 00 00 00
18:32:54.491173: 10 80 f0 64 64 00 00 00
18:32:54.511644: 10 80 f0 64 64 00 00 00
18:32:54.531742: 10 80 f0 64 64 00 00 00
18:32:54.552029: 10 80 f0 64 64 00 00 00
18:32:54.568959: 10 80 f0 64 64 00 00 00
18:32:54.589434: 10 80 f0 64 64 00 00 00
18:32:54.609869: 10 80 f0 64 64 00 00 00
18:32:54.630380: 10 80 f0 64 64 00 00 00
18:32:54.650995: 10 80 f0 64 64 00 00 00
18:32:54.671436: 10 80 f0 64 64 00 00 00
18:32:54.691643: 10 80 f0 64 64 00 00 00
18:32:54.711883: 10 80 f0 64 64 00 00 00
18:32:54.728807: 10 80 f0 64 64 00 00 00
18:32:54.749111: 10 80 f0 64 64 00 00 00
18:32:54.769647: 10 80 f0 64 64 00 00 00
18:32:54.790897: 10 80 f0 64 64 00 00 00
18:32:54.810626: 10 80 f0 64 64 00 00 00
18:32:54.831200: 10 80 f0 64 64 00 00 00
18:32:54.851781: 10 80 f0 64 64 00 00 00
18:32:54.871890: 10 80 f0 64 64 00 00 00
18:32:54.891997: 10 80 f0 64 64 00 00 00
18:32:54.908896: 10 80 f0 64 64 00 00 00
18:32:54.929405: 10 80 f0 64 64 00 00 00
18:32:54.949845: 10 80 f0 64 64 00 00 00
18:32:54.970377: 10 80 f0 64 64 00 00 00
18:32:54.990896: 10 80 f0 64 64 00 00 00
18:32:55.011342: 10 80 f0 64 64 00 00 00
18:32:55.031718: 10 80 f0 64 64 00 00 00
18:32:55.051921: 10 80 f0 64 64 00 00 00
18:32:55.068614: 10 80 f0 64 64 00 00 00
18:32:55.089119: 10 80 f0 64 64 00 00 00
18:32:55.109551: 10 80 f0 64 64 00 00 00
18:32:55.130178: 10 80 f0 64 64 00 00 00
18:32:55.150556: 10 80 f0 64 64 00 00 00
18:32:55.171042: 10 80 f0 64 64 00 00 00
18:32:55.191642: 10 80 f0 64 64 00 00 00
18:32:55.211787: 10 80 f0 64 64 00 00 00
18:32:55.231942: 10 80 f0 64 64 00 00 00
18:32:55.248832: 10 80 f0 64 64 00 00 00
18:32:55.269393: 10 80 f0 64 64 00 00 00
18:32:55.289863: 10 80 f0 64 64 00 00 00
18:32:55.311213: 10 80 f0 64 64 00 00 00
18:32:55.330919: 10 80 f0 64 64 00 00 00
18:32:55.351449: 10 80 f0 64 64 00 00 00
18:32:55.371685: 10 80 f0 64 64 00 00 00
18:32:55.391804: 10 80 f0 64 64 00 00 00
18:32:55.412032: 10 80 f0 64 64 00 00 00
18:32:55.429099: 10 80 f0 64 64 00 00 00
18:32:55.449504: 10 80 f0 64 64 00 00 00
18:32:55.469987: 10 80 f0 64 64 00 00 00
18:32:55.490454: 10 80 f0 64 64 00 00 00
18:32:55.511056: 10 80 f0 64 64 00 00 00
18:32:55.531561: 10 80 f0 64 64 00 00 00
18:32:55.551700: 10 80 f0 64 64 00 00 00
18:32:55.571914: 10 80 f0 64 64 00 00 00
18:32:55.590238: 10 80 f0 64 64 00 00 00
18:32:55.608658: 10 80 f0 64 64 00 00 00
18:32:55.629825: 10 80 f0 64 64 00 00 00
18:32:55.650245: 10 80 f0 64 64 00 00 00
18:32:55.670729: 10 80 f0 64 64 00 00 00
18:32:55.691641: 10 80 f0 64 64 00 00 00
18:32:55.712322: 10 80 f0 64 64 00 00 00
18:32:55.731921: 10 80 f0 64 64 00 00 00
18:32:55.751974: 10 80 f0 64 64 00 00 00
18:32:55.769142: 10 80 f0 64 64 00 00 00
18:32:55.788853: 10 80 f0 64 64 00 00 00
18:32:55.809980: 10 80 f0 64 64 00 00 00
18:32:55.830483: 10 80 f0 64 64 00 00 00
18:32:55.851015: 10 80 f0 64 64 00 00 00
18:32:55.871172: 10 80 f0 64 64 00 00 00
18:32:55.891649: 10 80 f0 64 64 00 00 00
18:32:55.911907: 10 80 f0 64 64 00 00 00
18:32:55.928792: 10 80 f0 64 64 00 00 00
18:32:55.949230: 10 80 f0 64 64 00 00 00
18:32:55.969671: 10 80 f0 64 64 00 00 00
18:32:55.990159: 10 80 f0 64 64 00 00 00
18:32:56.010716: 10 80 f0 64 64 00 00 00
18:32:56.031173: 10 80 f0 64 64 00 00 00
18:32:56.051559: 10 80 f0 64 64 00 00 00
18:32:56.071906: 10 80 f0 64 64 00 00 00
18:32:56.091960: 10 80 f0 64 64 00 00 00
18:32:56.110717: 10 80 f0 64 64 00 00 00
18:32:56.131545: 10 80 f0 64 64 00 00 00
18:32:56.149892: 10 80 f0 64 64 00 00 00
18:32:56.171167: 10 80 f0 64 64 00 00 00
18:32:56.190954: 10 80 f0 64 64 00 00 00
18:32:56.210696: 10 80 f0 64 64 00 00 00
18:32:56.231699: 10 80 f0 64 64 00 00 00
18:32:56.251968: 10 80 f0 64 64 00 00 00
18:32:56.268716: 10 80 f0 64 64 00 00 00
18:32:56.290455: 10 80 f0 64 64 00 00 00
18:32:56.309715: 10 80 f0 64 64 00 00 00
18:32:56.330176: 10 80 f0 64 64 00 00 00
18:32:56.349976: 10 80 f0 64 64 00 00 00
18:32:56.371203: 10 80 f0 64 64 00 00 00
18:32:56.391590: 10 80 f0 64 64 00 00 00
18:32:56.411849: 10 80 f0 64 64 00 00 00
18:32:56.432558: 10 80 f0 64 64 00 00 00
18:32:56.448943: 10 80 f0 64 64 00 00 00
18:32:56.469418: 10 80 f0 64 64 00 00 00
18:32:56.489940: 10 80 f0 64 64 00 00 00
18:32:56.510398: 10 80 f0 64 64 00 00 00
18:32:56.530935: 10 80 f0 64 64 00 00 00
18:32:56.551459: 10 80 f0 64 64 00 00 00
18:32:56.571648: 10 80 f0 64 64 00 00 00
18:32:56.592565: 10 80 f0 64 64 00 00 00
18:32:56.608684: 10 80 f0 64 64 00 00 00
18:32:56.629172: 10 80 f0 64 64 00 00 00
18:32:56.649663: 10 80 f0 64 64 00 00 00
18:32:56.670073: 10 80 f0 64 64 00 00 00
18:32:56.689927: 10 80 f0 64 64 00 00 00
18:32:56.711163: 10 80 f0 64 64 00 00 00
18:32:56.731674: 10 80 f0 64 64 00 00 00
18:32:56.751244: 10 80 f0 64 64 00 00 00
18:32:56.771843: 10 80 f0 64 64 00 00 00
18:32:56.788935: 10 80 f0 64 64 00 00 00
18:32:56.809425: 10 80 f0 64 64 00 00 00
18:32:56.829807: 10 80 f0 64 64 00 00 00
18:32:56.851194: 10 80 f0 64 64 00 00 00
18:32:56.870924: 10 80 f0 64 64 00 00 00
18:32:56.891514: 10 80 f0 64 64 00 00 00
18:32:56.912075: 10 80 f0 64 64 00 00 00
18:32:56.931796: 10 80 f0 64 64 00 00 00
18:32:56.948645: 10 80 f0 64 64 00 00 00
18:32:56.969107: 10 80 f0 64 64 00 00 00
18:32:56.989597: 10 80 f0 64 64 00 00 00
18:32:57.010144: 10 80 f0 64 64 00 00 00
18:32:57.030573: 10 80 f0 64 64 00 00 00
18:32:57.051225: 10 80 f0 64 64 00 00 00
18:32:57.071611: 10 80 f0 64 64 00 00 00
18:32:57.091279: 10 80 f0 64 64 00 00 00
18:32:57.111887: 10 80 f0 64 64 00 00 00
18:32:57.128867: 10 80 f0 64 64 00 00 00
18:32:57.149434: 10 80 f0 64 64 00 00 00
18:32:57.169741: 10 80 f0 64 64 00 00 00
18:32:57.190300: 10 80 f0 64 64 00 00 00
18:32:57.210096: 10 80 f0 64 64 00 00 00
18:32:57.231379: 10 80 f0 64 64 00 00 00
18:32:57.251548: 10 80 f0 64 64 00 00 00
18:32:57.271762: 10 80 f0 64 64 00 00 00
18:32:57.288628: 10 80 f0 64 64 00 00 00
18:32:57.309000: 10 80 f0 64 64 00 00 00
18:32:57.329510: 10 80 f0 64 64 00 00 00
18:32:57.350104: 10 80 f0 64 64 00 00 00
18:32:57.370501: 10 80 f0 64 64 00 00 00
18:32:57.391118: 10 80 f0 64 64 00 00 00
18:32:57.411600: 10 80 f0 64 64 00 00 00
18:32:57.435705: 10 80 f0 64 64 00 00 00
18:32:57.451891: 10 80 f0 64 64 00 00 00
18:32:57.468845: 10 80 f0 64 64 00 00 00
18:32:57.489242: 10 80 f0 64 64 00 00 00
18:32:57.509708: 10 80 f0 64 64 00 00 00
18:32:57.530207: 10 80 f0 64 64 00 00 00
18:32:57.550743: 10 80 f0 64 64 00 00 00
18:32:57.571215: 10 80 f0 64 64 00 00 00
18:32:57.591547: 10 80 f0 64 64 00 00 00
18:32:57.611711: 10 80 f0 64 64 00 00 00
18:32:57.628558: 10 80 f0 64 64 00 00 00
18:32:57.649049: 10 80 f0 64 64 00 00 00
18:32:57.669502: 10 80 f0 64 64 00 00 00
18:32:57.690121: 10 80 f0 64 64 00 00 00
18:32:57.710425: 10 80 f0 64 64 00 00 00
18:32:57.731023: 10 80 f0 64 64 00 00 00
18:32:57.751507: 10 80 f0 64 64 00 00 00
18:32:57.771189: 10 80 f0 64 64 00 00 00
18:32:57.791817: 10 80 f0 64 64 00 00 00
18:32:57.808801: 10 80 f0 64 64 00 00 00
18:32:57.829156: 10 80 f0 64 64 00 00 00
18:32:57.849696: 10 80 f0 64 64 00 00 00
18:32:57.870159: 10 80 f0 64 64 00 00 00
18:32:57.890694: 10 80 f0 64 64 00 00 00
18:32:57.911265: 10 80 f0 64 64 00 00 00
18:32:57.932354: 10 80 f0 64 64 00 00 00
18:32:57.951721: 10 80 f0 64 64 00 00 00
18:32:57.969160: 10 80 f0 64 64 00 00 00
18:32:57.988989: 10 80 f0 64 64 00 00 00
18:32:58.009421: 10 80 f0 64 64 00 00 00
18:32:58.029884: 10 80 f0 64 64 00 00 00
18:32:58.050372: 10 80 f0 64 64 00 00 00
18:32:58.071008: 10 80 f0 64 64 00 00 00
18:32:58.091463: 10 80 f0 64 64 00 00 00
18:32:58.111072: 10 80 f0 64 64 00 00 00
18:32:58.131734: 10 80 f0 64 64 00 00 00
18:32:58.148735: 10 80 f0 64 64 00 00 00
18:32:58.169168: 10 80 f0 64 64 00 00 00
18:32:58.189648: 10 80 f0 64 64 00 00 00
18:32:58.210108: 10 80 f0 64 64 00 00 00
18:32:58.229966: 10 80 f0 64 64 00 00 00
18:32:58.251233: 10 80 f0 64 64 00 00 00
18:32:58.271435: 10 80 f0 64 64 00 00 00
18:32:58.291655: 10 80 f0 64 64 00 00 00
18:32:58.308431: 10 80 f0 64 64 00 00 00
18:32:58.329075: 10 80 f0 64 64 00 00 00
18:32:58.349440: 10 80 f0 64 64 00 00 00
18:32:58.369901: 10 80 f0 64 64 00 00 00
18:32:58.390356: 10 80 f0 64 64 00 00 00
18:32:58.410817: 10 80 f0 64 64 00 00 00
18:32:58.431396: 10 80 f0 64 64 00 00 00
18:32:58.451500: 10 80 f0 64 64 00 00 00
18:32:58.471681: 10 80 f0 64 64 00 00 00
18:32:58.488660: 10 80 f0 64 64 00 00 00
18:32:58.509116: 10 80 f0 64 64 00 00 00
18:32:58.529631: 10 80 f0 64 64 00 00 00
18:32:58.550131: 10 80 f0 64 64 00 00 00
18:32:58.570553: 10 80 f0 64 64 00 00 00
18:32:58.591805: 10 80 f0 64 64 00 00 00
18:32:58.611406: 10 80 f0 64 64 00 00 00
18:32:58.631649: 10 80 f0 64 64 00 00 00
18:32:58.648487: 10 80 f0 64 64 00 00 00
18:32:58.668842: 10 80 f0 64 64 00 00 00
18:32:58.689335: 10 80 f0 64 64 00 00 00
18:32:58.709816: 10 80 f0 64 64 00 00 00
18:32:58.730373: 10 80 f0 64 64 00 00 00
18:32:58.750770: 10 80 f0 64 64 00 00 00
18:32:58.771359: 10 80 f0 64 64 00 00 00
18:32:58.791512: 10 80 f0 64 64 00 00 00
18:32:58.811243: 10 80 f0 64 64 00 00 00
18:32:58.828616: 10 80 f0 64 64 00 00 00
18:32:58.849081: 10 80 f0 64 64 00 00 00
18:32:58.869534: 10 80 f0 64 64 00 00 00
18:32:58.890084: 10 80 f0 64 64 00 00 00
18:32:58.911353: 10 80 f0 64 64 00 00 00
18:32:58.930351: 10 80 f0 64 64 00 00 00
18:32:58.951393: 10 80 f0 64 64 00 00 00
18:32:58.971541: 10 80 f0 64 64 00 00 00
18:32:58.988395: 10 80 f0 64 64 00 00 00
18:32:59.008872: 10 80 f0 64 64 00 00 00
18:32:59.029412: 10 80 f0 64 64 00 00 00
18:32:59.049853: 10 80 f0 64 64 00 00 00
18:32:59.070302: 10 80 f0 64 64 00 00 00
18:32:59.091483: 10 80 f0 64 64 00 00 00
18:32:59.111287: 10 80 f0 64 64 00 00 00
18:32:59.131510: 10 80 f0 64 64 00 00 00
18:32:59.151713: 10 80 f0 64 64 00 00 00
18:32:59.168595: 10 80 f0 64 64 00 00 00
18:32:59.189123: 10 80 f0 64 64 00 00 00
18:32:59.209486: 10 80 f0 64 64 00 00 00
18:32:59.229933: 10 80 f0 64 64 00 00 00
18:32:59.250484: 10 80 f0 64 64 00 00 00
18:32:59.271509: 10 80 f0 64 64 00 00 00
18:32:59.291382: 10 80 f0 64 64 00 00 00
18:32:59.311568: 10 80 f0 64 64 00 00 00
18:32:59.331794: 10 80 f0 64 64 00 00 00
18:32:59.348849: 10 80 f0 64 64 00 00 00
18:32:59.369267: 10 80 f0 64 64 00 00 00
18:32:59.389787: 10 80 f0 64 64 00 00 00
18:32:59.410222: 10 80 f0 64 64 00 00 00
18:32:59.430024: 10 80 f0 64 64 00 00 00
18:32:59.451438: 10 80 f0 64 64 00 00 00
18:32:59.471827: 10 80 f0 64 64 00 00 00
18:32:59.491606: 10 80 f0 64 64 00 00 00
18:32:59.508533: 10 80 f0 64 64 00 00 00
18:32:59.528984: 10 80 f0 64 64 00 00 00
18:32:59.549557: 10 80 f0 64 64 00 00 00
18:32:59.570039: 10 80 f0 64 64 00 00 00
18:32:59.590457: 10 80 f0 64 64 00 00 00
18:32:59.611013: 10 80 f0 64 64 00 00 00
18:32:59.631445: 10 80 f0 64 64 00 00 00
18:32:59.651578: 10 80 f0 64 64 00 00 00
18:32:59.671750: 10 80 f0 64 64 00 00 00
18:32:59.688743: 10 80 f0 64 64 00 00 00
18:32:59.709310: 10 80 f0 64 64 00 00 00
18:32:59.729700: 10 80 f0 64 64 00 00 00
18:32:59.750110: 10 80 f0 64 64 00 00 00
18:32:59.770639: 10 80 f0 64 64 00 00 00
18:32:59.792510: 10 80 f0 64 64 00 00 00
18:32:59.811845: 10 80 f0 64 64 00 00 00
18:32:59.831587: 10 80 f0 64 64 00 00 00
18:32:59.848556: 10 80 f0 64 64 00 00 00
18:32:59.868929: 10 80 f0 64 64 00 00 00
18:32:59.889837: 10 80 f0 64 64 00 00 00
18:32:59.909268: 10 80 f0 64 64 00 00 00
18:32:59.931613: 10 80 f0 64 64 00 00 00
18:32:59.951004: 10 80 f0 64 64 00 00 00
18:32:59.971324: 10 80 f0 64 64 00 00 00
18:32:59.991449: 10 80 f0 64 64 00 00 00
18:33:00.012150: 10 80 f0 64 64 00 00 00
18:33:00.028751: 10 80 f0 64 64 00 00 00
18:33:00.049190: 10 80 f0 64 64 00 00 00
18:33:00.069605: 10 80 f0 64 64 00 00 00
18:33:00.090075: 10 80 f0 64 64 00 00 00
18:33:00.110583: 10 80 f0 64 64 00 00 00
18:33:00.131194: 10 80 f0 64 64 00 00 00
18:33:00.151483: 10 80 f0 64 64 00 00 00
18:33:00.171650: 10 80 f0 64 64 00 00 00
18:33:00.188441: 10 80 f0 64 64 00 00 00
18:33:00.208954: 10 80 f0 64 64 00 00 00
18:33:00.229394: 10 80 f0 64 64 00 00 00
18:33:00.249984: 10 80 f0 64 64 00 00 00
18:33:00.270350: 10 80 f0 64 64 00 00 00
18:33:00.291369: 10 80 f0 64 64 00 00 00
18:33:00.311656: 10 80 f0 64 64 00 00 00
18:33:00.332205: 10 80 f0 64 64 00 00 00
18:33:00.351163: 10 80 f0 64 64 00 00 00
18:33:00.368670: 10 80 f0 64 64 00 00 00
18:33:00.389071: 10 80 f0 64 64 00 00 00
18:33:00.409535: 10 80 f0 64 64 00 00 00
18:33:00.430034: 10 80 f0 64 64 00 00 00
18:33:00.450563: 10 80 f0 64 64 00 00 00
18:33:00.471597: 10 80 f0 64 64 00 00 00
18:33:00.491303: 10 80 f0 64 64 00 00 00
18:33:00.511597: 10 80 f0 64 64 00 00 00
18:33:00.528350: 10 80 f0 64 64 00 00 00
18:33:00.548660: 10 80 f0 64 64 00 00 00
18:33:00.569345: 10 80 f0 64 64 00 00 00
18:33:00.590597: 10 80 f0 64 64 00 00 00
18:33:00.610366: 10 80 f0 64 64 00 00 00
18:33:00.630748: 10 80 f0 64 64 00 00 00
18:33:00.651415: 10 80 f0 64 64 00 00 00
18:33:00.671561: 10 80 f0 64 64 00 00 00
18:33:00.691674: 10 80 f0 64 64 00 00 00
18:33:00.708588: 10 80 f0 64 64 00 00 00
18:33:00.729755: 10 80 f0 64 64 00 00 00
18:33:00.749562: 10 80 f0 64 64 00 00 00
18:33:00.770040: 10 80 f0 64 64 00 00 00
18:33:00.790502: 10 80 f0 64 64 00 00 00
18:33:00.811081: 10 80 f0 64 64 00 00 00
18:33:00.831402: 10 80 f0 64 64 00 00 00
18:33:00.851477: 10 80 f0 64 64 00 00 00
18:33:00.868376: 10 80 f0 64 64 00 00 00
18:33:00.888962: 10 80 f0 64 64 00 00 00
18:33:00.909348: 10 80 f0 64 64 00 00 00
18:33:00.929777: 10 80 f0 64 64 00 00 00
18:33:00.950286: 10 80 f0 64 64 00 00 00
18:33:00.971194: 10 80 f0 64 64 00 00 00
18:33:00.990581: 10 80 f0 64 64 00 00 00
18:33:01.012066: 10 80 f0 64 64 00 00 00
18:33:01.031580: 10 80 f0 64 64 00 00 00
18:33:01.048513: 10 80 f0 64 64 00 00 00
18:33:01.069718: 10 80 f0 64 64 00 00 00
18:33:01.089507: 10 80 f0 64 64 00 00 00
18:33:01.109947: 10 80 f0 64 64 00 00 00
18:33:01.130452: 10 80 f0 64 64 00 00 00
18:33:01.150952: 10 80 f0 64 64 00 00 00
18:33:01.172045: 10 80 f0 64 64 00 00 00
18:33:01.191468: 10 80 f0 64 64 00 00 00
18:33:01.208335: 10 80 f0 64 64 00 00 00
18:33:01.228747: 10 80 f0 64 64 00 00 00
18:33:01.249314: 10 80 f0 64 64 00 00 00
18:33:01.269713: 10 80 f0 64 64 00 00 00
18:33:01.290183: 10 80 f0 64 64 00 00 00
18:33:01.310706: 10 80 f0 64 64 00 00 00
18:33:01.331779: 10 80 f0 64 64 00 00 00
18:33:01.351331: 10 80 f0 64 64 00 00 00
18:33:01.371595: 10 80 f0 64 64 00 00 00
18:33:01.388579: 10 80 f0 64 64 00 00 00
18:33:01.409005: 10 80 f0 64 64 00 00 00
18:33:01.429475: 10 80 f0 64 64 00 00 00
18:33:01.449914: 10 80 f0 64 64 00 00 00
18:33:01.471369: 10 80 f0 64 64 00 00 00
18:33:01.491078: 10 80 f0 64 64 00 00 00
18:33:01.511307: 10 80 f0 64 64 00 00 00
18:33:01.531642: 10 80 f0 64 64 00 00 00
18:33:01.548263: 10 80 f0 64 64 00 00 00
18:33:01.568940: 10 80 f0 64 64 00 00 00
18:33:01.588791: 10 80 f0 64 64 00 00 00
18:33:01.609507: 10 80 f0 64 64 00 00 00
18:33:01.629998: 10 80 f0 64 64 00 00 00
18:33:01.651982: 10 80 f0 64 64 00 00 00
18:33:01.670987: 10 80 f0 64 64 00 00 00
18:33:01.691333: 10 80 f0 64 64 00 00 00
18:33:01.711312: 10 80 f0 64 64 00 00 00
18:33:01.729838: 10 80 f0 64 64 00 00 00
18:33:01.748877: 10 80 f0 64 64 00 00 00
18:33:01.769425: 10 80 f0 64 64 00 00 00
18:33:01.789909: 10 80 f0 64 64 00 00 00
18:33:01.810354: 10 80 f0 64 64 00 00 00
18:33:01.830953: 10 80 f0 64 64 00 00 00
18:33:01.851319: 10 80 f0 64 64 00 00 00
18:33:01.871532: 10 80 f0 64 64 00 00 00
18:33:01.888222: 10 80 f0 64 64 00 00 00
18:33:01.908753: 10 80 f0 64 64 00 00 00
18:33:01.929095: 10 80 f0 64 64 00 00 00
18:33:01.949712: 10 80 f0 64 64 00 00 00
18:33:01.970127: 10 80 f0 64 64 00 00 00
18:33:01.990616: 10 80 f0 64 64 00 00 00
18:33:02.011288: 10 80 f0 64 64 00 00 00
18:33:02.031224: 10 80 f0 64 64 00 00 00
18:33:02.051408: 10 80 f0 64 64 00 00 00
18:33:02.069039: 10 80 f0 64 64 00 00 00
18:33:02.089571: 10 80 f0 64 64 00 00 00
18:33:02.109349: 10 80 f0 64 64 00 00 00
18:33:02.129908: 10 80 f0 64 64 00 00 00
18:33:02.151138: 10 80 f0 64 64 00 00 00
18:33:02.170992: 10 80 f0 64 64 00 00 00
18:33:02.191276: 10 80 f0 64 64 00 00 00
18:33:02.211338: 10 80 f0 64 64 00 00 00
18:33:02.228155: 10 80 f0 64 64 00 00 00
18:33:02.248647: 10 80 f0 64 64 00 00 00
18:33:02.269103: 10 80 f0 64 64 00 00 00
18:33:02.289669: 10 80 f0 64 64 00 00 00
18:33:02.310110: 10 80 f0 64 64 00 00 00
18:33:02.330566: 10 80 f0 64 64 00 00 00
18:33:02.351207: 10 80 f0 64 64 00 00 00
18:33:02.371239: 10 80 f0 64 64 00 00 00
18:33:02.391416: 10 80 f0 64 64 00 00 00
18:33:02.408425: 10 80 f0 64 64 00 00 00
18:33:02.428872: 10 80 f0 64 64 00 00 00
18:33:02.449398: 10 80 f0 64 64 00 00 00
18:33:02.469871: 10 80 f0 64 64 00 00 00
18:33:02.490400: 10 80 f0 64 64 00 00 00
18:33:02.510781: 10 80 f0 64 64 00 00 00
18:33:02.531148: 10 80 f0 64 64 00 00 00
18:33:02.551329: 10 80 f0 64 64 00 00 00
18:33:02.568132: 10 80 f0 64 64 00 00 00
18:33:02.588626: 10 80 f0 64 64 00 00 00
18:33:02.609101: 10 80 f0 64 64 00 00 00
18:33:02.629566: 10 80 f0 64 64 00 00 00
18:33:02.650098: 10 80 f0 64 64 00 00 00
18:33:02.670473: 10 80 f0 64 64 00 00 00
18:33:02.691834: 10 80 f0 64 64 00 00 00
18:33:02.711207: 10 80 f0 64 64 00 00 00
18:33:02.731428: 10 80 f0 64 64 00 00 00
18:33:02.748271: 10 80 f0 64 64 00 00 00
18:33:02.769486: 10 80 f0 64 64 00 00 00
18:33:02.789368: 10 80 f0 64 64 00 00 00
18:33:02.809894: 10 80 f0 64 64 00 00 00
18:33:02.830330: 10 80 f0 64 64 00 00 00
18:33:02.850737: 10 80 f0 64 64 00 00 00
18:33:02.871232: 10 80 f0 64 64 00 00 00
18:33:02.891369: 10 80 f0 64 64 00 00 00
18:33:02.911495: 10 80 f0 64 64 00 00 00
18:33:02.928569: 10 80 f0 64 64 00 00 00
18:33:02.949025: 10 80 f0 64 64 00 00 00
18:33:02.969517: 10 80 f0 64 64 00 00 00
18:33:02.990039: 10 80 f0 64 64 00 00 00
18:33:03.010458: 10 80 f0 64 64 00 00 00
18:33:03.031008: 10 80 f0 64 64 00 00 00
18:33:03.051313: 10 80 f0 64 64 00 00 00
18:33:03.071337: 10 80 f0 64 64 00 00 00
18:33:03.088324: 10 80 f0 64 64 00 00 00
18:33:03.108768: 10 80 f0 64 64 00 00 00
18:33:03.129253: 10 80 f0 64 64 00 00 00
18:33:03.149750: 10 80 f0 64 64 00 00 00
18:33:03.170297: 10 80 f0 64 64 00 00 00
18:33:03.190725: 10 80 f0 64 64 00 00 00
18:33:03.211157: 10 80 f0 64 64 00 00 00
18:33:03.231293: 10 80 f0 64 64 00 00 00
18:33:03.251391: 10 80 f0 64 64 00 00 00
18:33:03.268531: 10 80 f0 64 64 00 00 00
18:33:03.289001: 10 80 f0 64 64 00 00 00
18:33:03.309473: 10 80 f0 64 64 00 00 00
18:33:03.329910: 10 80 f0 64 64 00 00 00
18:33:03.350402: 10 80 f0 64 64 00 00 00
18:33:03.370993: 10 80 f0 64 64 00 00 00
18:33:03.391766: 10 80 f0 64 64 00 00 00
18:33:03.412056: 10 80 f0 64 64 00 00 00
18:33:03.428235: 10 80 f0 64 64 00 00 00
18:33:03.448762: 10 80 f0 64 64 00 00 00
18:33:03.470032: 10 80 f0 64 64 00 00 00
18:33:03.489691: 10 80 f0 64 64 00 00 00
18:33:03.510170: 10 80 f0 64 64 00 00 00
18:33:03.530657: 10 80 f0 64 64 00 00 00
18:33:03.551083: 10 80 f0 64 64 00 00 00
18:33:03.571208: 10 80 f0 64 64 00 00 00
18:33:03.591359: 10 80 f0 64 64 00 00 00
18:33:03.608478: 10 80 f0 64 64 00 00 00
18:33:03.629019: 10 80 f0 64 64 00 00 00
18:33:03.649471: 10 80 f0 64 64 00 00 00
18:33:03.669917: 10 80 f0 64 64 00 00 00
18:33:03.690351: 10 80 f0 64 64 00 00 00
18:33:03.710797: 10 80 f0 64 64 00 00 00
18:33:03.731156: 10 80 f0 64 64 00 00 00
18:33:03.751328: 10 80 f0 64 64 00 00 00
18:33:03.768342: 10 80 f0 64 64 00 00 00
18:33:03.789318: 10 80 f0 64 64 00 00 00
18:33:03.809197: 10 80 f0 64 64 00 00 00
18:33:03.829707: 10 80 f0 64 64 00 00 00
18:33:03.850083: 10 80 f0 64 64 00 00 00
18:33:03.870604: 10 80 f0 64 64 00 00 00
18:33:03.891133: 10 80 f0 64 64 00 00 00
18:33:03.911920: 10 80 f0 64 64 00 00 00
18:33:03.931992: 10 80 f0 64 64 00 00 00
18:33:03.948442: 10 80 f0 64 64 00 00 00
18:33:03.968826: 10 80 f0 64 64 00 00 00
18:33:03.989335: 10 80 f0 64 64 00 00 00
18:33:04.009882: 10 80 f0 64 64 00 00 00
18:33:04.030369: 10 80 f0 64 64 00 00 00
18:33:04.050797: 10 80 f0 64 64 00 00 00
18:33:04.071146: 10 80 f0 64 64 00 00 00
18:33:04.091422: 10 80 f0 64 64 00 00 00
18:33:04.108156: 10 80 f0 64 64 00 00 00
18:33:04.128678: 10 80 f0 64 64 00 00 00
18:33:04.149180: 10 80 f0 64 64 00 00 00
18:33:04.169539: 10 80 f0 64 64 00 00 00
18:33:04.190064: 10 80 f0 64 64 00 00 00
18:33:04.210558: 10 80 f0 64 64 00 00 00
18:33:04.231034: 10 80 f0 64 64 00 00 00
18:33:04.252237: 10 80 f0 64 64 00 00 00
18:33:04.271250: 10 80 f0 64 64 00 00 00
18:33:04.289423: 10 80 f0 64 64 00 00 00
18:33:04.308855: 10 80 f0 64 64 00 00 00
18:33:04.329301: 10 80 f0 64 64 00 00 00
18:33:04.349768: 10 80 f0 64 64 00 00 00
18:33:04.370304: 10 80 f0 64 64 00 00 00
18:33:04.392782: 10 80 f0 64 64 00 00 00
18:33:04.411083: 10 80 f0 64 64 00 00 00
18:33:04.431282: 10 80 f0 64 64 00 00 00
18:33:04.448179: 10 80 f0 64 64 00 00 00
18:33:04.468648: 10 80 f0 64 64 00 00 00
18:33:04.489006: 10 80 f0 64 64 00 00 00
18:33:04.509523: 10 80 f0 64 64 00 00 00
18:33:04.530069: 10 80 f0 64 64 00 00 00
18:33:04.550517: 10 80 f0 64 64 00 00 00
18:33:04.571083: 10 80 f0 64 64 00 00 00
18:33:04.591176: 10 80 f0 64 64 00 00 00
18:33:04.611349: 10 80 f0 64 64 00 00 00
18:33:04.628316: 10 80 f0 64 64 00 00 00
18:33:04.648814: 10 80 f0 64 64 00 00 00
18:33:04.669287: 10 80 f0 64 64 00 00 00
18:33:04.689765: 10 80 f0 64 64 00 00 00
18:33:04.710395: 10 80 f0 64 64 00 00 00
18:33:04.731471: 10 80 f0 64 64 00 00 00
18:33:04.751019: 10 80 f0 64 64 00 00 00
18:33:04.771197: 10 80 f0 64 64 00 00 00
18:33:04.788466: 10 80 f0 64 64 00 00 00
18:33:04.808626: 10 80 f0 64 64 00 00 00
18:33:04.829000: 10 80 f0 64 64 00 00 00
18:33:04.849498: 10 80 f0 64 64 00 00 00
18:33:04.869950: 10 80 f0 64 64 00 00 00
18:33:04.890462: 10 80 f0 64 64 00 00 00
18:33:04.911107: 10 80 f0 64 64 00 00 00
18:33:04.931209: 10 80 f0 64 64 00 00 00
18:33:04.951307: 10 80 f0 64 64 00 00 00
18:33:04.968320: 10 80 f0 64 64 00 00 00
18:33:04.988766: 10 80 f0 64 64 00 00 00
18:33:05.009359: 10 80 f0 64 64 00 00 00
18:33:05.029681: 10 80 f0 64 64 00 00 00
18:33:05.050210: 10 80 f0 64 64 00 00 00
18:33:05.070680: 10 80 f0 64 64 00 00 00
18:33:05.090953: 10 80 f0 64 64 00 00 00
18:33:05.111150: 10 80 f0 64 64 00 00 00
18:33:05.128473: 10 80 f0 64 64 00 00 00
18:33:05.149352: 10 80 f0 64 64 00 00 00
18:33:05.168940: 10 80 f0 64 64 00 00 00
18:33:05.189493: 10 80 f0 64 64 00 00 00
18:33:05.209918: 10 80 f0 64 64 00 00 00
18:33:05.230448: 10 80 f0 64 64 00 00 00
18:33:05.250997: 10 80 f0 64 64 00 00 00
18:33:05.271078: 10 80 f0 64 64 00 00 00
18:33:05.291189: 10 80 f0 64 64 00 00 00
18:33:05.308324: 10 80 f0 64 64 00 00 00
18:33:05.328699: 10 80 f0 64 64 00 00 00
18:33:05.349224: 10 80 f0 64 64 00 00 00
18:33:05.369788: 10 80 f0 64 64 00 00 00
18:33:05.390144: 10 80 f0 64 64 00 00 00
18:33:05.410680: 10 80 f0 64 64 00 00 00
18:33:05.431054: 10 80 f0 64 64 00 00 00
18:33:05.451161: 10 80 f0 64 64 00 00 00
18:33:05.468005: 10 80 f0 64 64 00 00 00
18:33:05.488486: 10 80 f0 64 64 00 00 00
18:33:05.509666: 10 80 f0 64 64 00 00 00
18:33:05.529486: 10 80 f0 64 64 00 00 00
18:33:05.549950: 10 80 f0 64 64 00 00 00
18:33:05.570346: 10 80 f0 64 64 00 00 00
18:33:05.590902: 10 80 f0 64 64 00 00 00
18:33:05.611085: 10 80 f0 64 64 00 00 00
18:33:05.631197: 10 80 f0 64 64 00 00 00
18:33:05.648270: 10 80 f0 64 64 00 00 00
18:33:05.668610: 10 80 f0 64 64 00 00 00
18:33:05.689121: 10 80 f0 64 64 00 00 00
18:33:05.709627: 10 80 f0 64 64 00 00 00
18:33:05.730136: 10 80 f0 64 64 00 00 00
18:33:05.750620: 10 80 f0 64 64 00 00 00
18:33:05.771014: 10 80 f0 64 64 00 00 00
18:33:05.791145: 10 80 f0 64 64 00 00 00
18:33:05.807947: 10 80 f0 64 64 00 00 00
18:33:05.828416: 10 80 f0 64 64 00 00 00
18:33:05.848900: 10 80 f0 64 64 00 00 00
18:33:05.869404: 10 80 f0 64 64 00 00 00
18:33:05.889865: 10 80 f0 64 64 00 00 00
18:33:05.910321: 10 80 f0 64 64 00 00 00
18:33:05.930834: 10 80 f0 64 64 00 00 00
18:33:05.951139: 10 80 f0 64 64 00 00 00
18:33:05.971112: 10 80 f0 64 64 00 00 00
18:33:05.988130: 10 80 f0 64 64 00 00 00
18:33:06.008674: 10 80 f0 64 64 00 00 00
18:33:06.029063: 10 80 f0 64 64 00 00 00
18:33:06.049528: 10 80 f0 64 64 00 00 00
18:33:06.070027: 10 80 f0 64 64 00 00 00
18:33:06.090549: 10 80 f0 64 64 00 00 00
18:33:06.110948: 10 80 f0 64 64 00 00 00
18:33:06.131881: 10 80 f0 64 64 00 00 00
18:33:06.147887: 10 80 f0 64 64 00 00 00
18:33:06.168387: 10 80 f0 64 64 00 00 00
18:33:06.188914: 10 80 f0 64 64 00 00 00
18:33:06.209325: 10 80 f0 64 64 00 00 00
18:33:06.229754: 10 80 f0 64 64 00 00 00
18:33:06.250346: 10 80 f0 64 64 00 00 00
18:33:06.270102: 10 80 f0 64 64 00 00 00
18:33:06.291087: 10 80 f0 64 64 00 00 00
18:33:06.313584: 10 80 f0 64 64 00 00 00
18:33:06.327464: 10 80 f0 64 64 00 00 00
18:33:06.348629: 10 80 f0 64 64 00 00 00
18:33:06.368602: 10 80 f0 64 64 00 00 00
18:33:06.389354: 10 80 f0 64 64 00 00 00
18:33:06.410690: 10 80 f0 64 64 00 00 00
18:33:06.431529: 10 80 f0 64 64 00 00 00
18:33:06.450770: 10 80 f0 64 64 00 00 00
18:33:06.471069: 10 80 f0 64 64 00 00 00
18:33:06.487880: 10 80 f0 64 64 00 00 00
18:33:06.508340: 10 80 f0 64 64 00 00 00
18:33:06.528804: 10 80 f0 64 64 00 00 00
18:33:06.549375: 10 80 f0 64 64 00 00 00
18:33:06.569805: 10 80 f0 64 64 00 00 00
18:33:06.590272: 10 80 f0 64 64 00 00 00
18:33:06.610695: 10 80 f0 64 64 00 00 00
18:33:06.631311: 10 80 f0 64 64 00 00 00
18:33:06.651082: 10 80 f0 64 64 00 00 00
18:33:06.668036: 10 80 f0 64 64 00 00 00
18:33:06.688523: 10 80 f0 64 64 00 00 00
18:33:06.709020: 10 80 f0 64 64 00 00 00
18:33:06.729582: 10 80 f0 64 64 00 00 00
18:33:06.749967: 10 80 f0 64 64 00 00 00
18:33:06.770522: 10 80 f0 64 64 00 00 00
18:33:06.790798: 10 80 f0 64 64 00 00 00
18:33:06.811118: 10 80 f0 64 64 00 00 00
18:33:06.831227: 10 80 f0 64 64 00 00 00
18:33:06.848318: 10 80 f0 64 64 00 00 00
18:33:06.868766: 10 80 f0 64 64 00 00 00
18:33:06.889346: 10 80 f0 64 64 00 00 00
18:33:06.909742: 10 80 f0 64 64 00 00 00
18:33:06.930229: 10 80 f0 64 64 00 00 00
18:33:06.950666: 10 80 f0 64 64 00 00 00
18:33:06.970966: 10 80 f0 64 64 00 00 00
18:33:06.991117: 10 80 f0 64 64 00 00 00
18:33:07.008041: 10 80 f0 64 64 00 00 00
18:33:07.028491: 10 80 f0 64 64 00 00 00
18:33:07.048988: 10 80 f0 64 64 00 00 00
18:33:07.069534: 10 80 f0 64 64 00 00 00
18:33:07.089903: 10 80 f0 64 64 00 00 00
18:33:07.110377: 10 80 f0 64 64 00 00 00
18:33:07.130727: 10 80 f0 64 64 00 00 00
18:33:07.151067: 10 80 f0 64 64 00 00 00
18:33:07.171842: 10 80 f0 64 64 00 00 00
18:33:07.188281: 10 80 f0 64 64 00 00 00
18:33:07.209437: 10 80 f0 64 64 00 00 00
18:33:07.229237: 10 80 f0 64 64 00 00 00
18:33:07.249666: 10 80 f0 64 64 00 00 00
18:33:07.270948: 10 80 f0 64 64 00 00 00
18:33:07.290663: 10 80 f0 64 64 00 00 00
18:33:07.310916: 10 80 f0 64 64 00 00 00
18:33:07.331790: 10 80 f0 64 64 00 00 00
18:33:07.347973: 10 80 f0 64 64 00 00 00
18:33:07.370130: 10 80 f0 64 64 00 00 00
18:33:07.388314: 10 80 f0 64 64 00 00 00
18:33:07.409423: 10 80 f0 64 64 00 00 00
18:33:07.429898: 10 80 f0 64 64 00 00 00
18:33:07.450375: 10 80 f0 64 64 00 00 00
18:33:07.470700: 10 80 f0 64 64 00 00 00
18:33:07.491619: 10 80 f0 64 64 00 00 00
18:33:07.511868: 10 80 f0 64 64 00 00 00
18:33:07.528636: 10 80 f0 64 64 00 00 00
18:33:07.548578: 10 80 f0 64 64 00 00 00
18:33:07.569198: 10 80 f0 64 64 00 00 00
18:33:07.589554: 10 80 f0 64 64 00 00 00
18:33:07.610099: 10 80 f0 64 64 00 00 00
18:33:07.630577: 10 80 f0 64 64 00 00 00
18:33:07.650909: 10 80 f0 64 64 00 00 00
18:33:07.671104: 10 80 f0 64 64 00 00 00
18:33:07.687911: 10 80 f0 64 64 00 00 00
18:33:07.708474: 10 80 f0 64 64 00 00 00
18:33:07.728960: 10 80 f0 64 64 00 00 00
18:33:07.749344: 10 80 f0 64 64 00 00 00
18:33:07.769923: 10 80 f0 64 64 00 00 00
18:33:07.790355: 10 80 f0 64 64 00 00 00
18:33:07.810655: 10 80 f0 64 64 00 00 00
18:33:07.830982: 10 80 f0 64 64 00 00 00
18:33:07.851749: 10 80 f0 64 64 00 00 00
18:33:07.868863: 10 80 f0 64 64 00 00 00
18:33:07.889355: 10 80 f0 64 64 00 00 00
18:33:07.909084: 10 80 f0 64 64 00 00 00
18:33:07.929697: 10 80 f0 64 64 00 00 00
18:33:07.949997: 10 80 f0 64 64 00 00 00
18:33:07.970484: 10 80 f0 64 64 00 00 00
18:33:07.990680: 10 80 f0 64 64 00 00 00
18:33:08.011089: 10 80 f0 64 64 00 00 00
18:33:08.027912: 10 80 f0 64 64 00 00 00
18:33:08.048432: 10 80 f0 64 64 00 00 00
18:33:08.068859: 10 80 f0 64 64 00 00 00
18:33:08.089388: 10 80 f0 64 64 00 00 00
18:33:08.109856: 10 80 f0 64 64 00 00 00
18:33:08.130426: 10 80 f0 64 64 00 00 00
18:33:08.150790: 10 80 f0 64 64 00 00 00
18:33:08.171071: 10 80 f0 64 64 00 00 00
18:33:08.191008: 10 80 f0 64 64 00 00 00
18:33:08.208111: 10 80 f0 64 64 00 00 00
18:33:08.228605: 10 80 f0 64 64 00 00 00
18:33:08.249137: 10 80 f0 64 64 00 00 00
18:33:08.269544: 10 80 f0 64 64 00 00 00
18:33:08.289993: 10 80 f0 64 64 00 00 00
18:33:08.310452: 10 80 f0 64 64 00 00 00
18:33:08.330695: 10 80 f0 64 64 00 00 00
18:33:08.350965: 10 80 f0 64 64 00 00 00
18:33:08.369324: 10 80 f0 64 64 00 00 00
18:33:08.388310: 10 80 f0 64 64 00 00 00
18:33:08.408744: 10 80 f0 64 64 00 00 00
18:33:08.429994: 10 80 f0 64 64 00 00 00
18:33:08.449731: 10 80 f0 64 64 00 00 00
18:33:08.470238: 10 80 f0 64 64 00 00 00
18:33:08.491500: 10 80 f0 64 64 00 00 00
18:33:08.510805: 10 80 f0 64 64 00 00 00
18:33:08.531710: 10 80 f0 64 64 00 00 00
18:33:08.548037: 10 80 f0 64 64 00 00 00
18:33:08.568630: 10 80 f0 64 64 00 00 00
18:33:08.588962: 10 80 f0 64 64 00 00 00
18:33:08.609451: 10 80 f0 64 64 00 00 00
18:33:08.629925: 10 80 f0 64 64 00 00 00
18:33:08.650449: 10 80 f0 64 64 00 00 00
18:33:08.670687: 10 80 f0 64 64 00 00 00
18:33:08.690898: 10 80 f0 64 64 00 00 00
18:33:08.707816: 10 80 f0 64 64 00 00 00
18:33:08.728306: 10 80 f0 64 64 00 00 00
18:33:08.748778: 10 80 f0 64 64 00 00 00
18:33:08.769363: 10 80 f0 64 64 00 00 00
18:33:08.789757: 10 80 f0 64 64 00 00 00
18:33:08.810215: 10 80 f0 64 64 00 00 00
18:33:08.830669: 10 80 f0 64 64 00 00 00
18:33:08.850923: 10 80 f0 64 64 00 00 00
18:33:08.871083: 10 80 f0 64 64 00 00 00
18:33:08.888040: 10 80 f0 64 64 00 00 00
18:33:08.908422: 10 80 f0 64 64 00 00 00
18:33:08.929610: 10 80 f0 64 64 00 00 00
18:33:08.949420: 10 80 f0 64 64 00 00 00
18:33:08.969842: 10 80 f0 64 64 00 00 00
18:33:08.990378: 10 80 f0 64 64 00 00 00
18:33:09.010799: 10 80 f0 64 64 00 00 00
18:33:09.030968: 10 80 f0 64 64 00 00 00
18:33:09.047755: 10 80 f0 64 64 00 00 00
18:33:09.068340: 10 80 f0 64 64 00 00 00
18:33:09.088710: 10 80 f0 64 64 00 00 00
18:33:09.109179: 10 80 f0 64 64 00 00 00
18:33:09.129632: 10 80 f0 64 64 00 00 00
18:33:09.150157: 10 80 f0 64 64 00 00 00
18:33:09.170599: 10 80 f0 64 64 00 00 00
18:33:09.190726: 10 80 f0 64 64 00 00 00
18:33:09.212387: 10 80 f0 64 64 00 00 00
18:33:09.228005: 10 80 f0 64 64 00 00 00
18:33:09.248443: 10 80 f0 64 64 00 00 00
18:33:09.268962: 10 80 f0 64 64 00 00 00
18:33:09.289421: 10 80 f0 64 64 00 00 00
18:33:09.309814: 10 80 f0 64 64 00 00 00
18:33:09.330382: 10 80 f0 64 64 00 00 00
18:33:09.350636: 10 80 f0 64 64 00 00 00
18:33:09.371034: 10 80 f0 64 64 00 00 00
18:33:09.387728: 10 80 f0 64 64 00 00 00
18:33:09.408229: 10 80 f0 64 64 00 00 00
18:33:09.428704: 10 80 f0 64 64 00 00 00
18:33:09.449232: 10 80 f0 64 64 00 00 00
18:33:09.470231: 10 80 f0 64 64 00 00 00
18:33:09.490064: 10 80 f0 64 64 00 00 00
18:33:09.510603: 10 80 f0 64 64 00 00 00
18:33:09.530687: 10 80 f0 64 64 00 00 00
18:33:09.551364: 10 80 f0 64 64 00 00 00
18:33:09.567935: 10 80 f0 64 64 00 00 00
18:33:09.588448: 10 80 f0 64 64 00 00 00
18:33:09.609594: 10 80 f0 64 64 00 00 00
18:33:09.629348: 10 80 f0 64 64 00 00 00
18:33:09.649899: 10 80 f0 64 64 00 00 00
18:33:09.670360: 10 80 f0 64 64 00 00 00
18:33:09.690608: 10 80 f0 64 64 00 00 00
18:33:09.710825: 10 80 f0 64 64 00 00 00
18:33:09.729007: 10 80 f0 64 64 00 00 00
18:33:09.748223: 10 80 f0 64 64 00 00 00
18:33:09.768698: 10 80 f0 64 64 00 00 00
18:33:09.789080: 10 80 f0 64 64 00 00 00
18:33:09.809609: 10 80 f0 64 64 00 00 00
18:33:09.830074: 10 80 f0 64 64 00 00 00
18:33:09.850630: 10 80 f0 64 64 00 00 00
18:33:09.870683: 10 80 f0 64 64 00 00 00
18:33:09.891674: 10 80 f0 64 64 00 00 00
18:33:09.908496: 10 80 f0 64 64 00 00 00
18:33:09.929039: 10 80 f0 64 64 00 00 00
18:33:09.948820: 10 80 f0 64 64 00 00 00
18:33:09.969304: 10 80 f0 64 64 00 00 00
18:33:09.989786: 10 80 f0 64 64 00 00 00
18:33:10.010268: 10 80 f0 64 64 00 00 00
18:33:10.031899: 10 80 f0 64 64 00 00 00
18:33:10.050799: 10 80 f0 64 64 00 00 00
18:33:10.068309: 10 80 f0 64 64 00 00 00
18:33:10.088107: 10 80 f0 64 64 00 00 00
18:33:10.108548: 10 80 f0 64 64 00 00 00
18:33:10.132801: 10 80 f0 64 64 00 00 00
18:33:10.149596: 10 80 f0 64 64 00 00 00
18:33:10.169968: 10 80 f0 64 64 00 00 00
18:33:10.190449: 10 80 f0 64 64 00 00 00
18:33:10.210579: 10 80 f0 64 64 00 00 00
18:33:10.232906: 10 80 f0 64 64 00 00 00
18:33:10.247793: 10 80 f0 64 64 00 00 00
18:33:10.269151: 10 80 f0 64 64 00 00 00
18:33:10.289423: 10 80 f0 64 64 00 00 00
18:33:10.309323: 10 80 f0 64 64 00 00 00
18:33:10.329718: 10 80 f0 64 64 00 00 00
18:33:10.350318: 10 80 f0 64 64 00 00 00
18:33:10.372685: 10 80 f0 64 64 00 00 00
18:33:10.389087: 10 80 f0 64 64 00 00 00
18:33:10.409627: 10 80 f0 64 64 00 00 00
18:33:10.428748: 10 80 f0 64 64 00 00 00
18:33:10.449286: 10 80 f0 64 64 00 00 00
18:33:10.467399: 10 80 f0 64 64 00 00 00
18:33:10.490365: 10 80 f0 64 64 00 00 00
18:33:10.509983: 10 80 f0 64 64 00 00 00
18:33:10.530487: 10 80 f0 64 64 00 00 00
18:33:10.552008: 10 80 f0 64 64 00 00 00
18:33:10.570816: 10 80 f0 64 64 00 00 00
18:33:10.587785: 10 80 f0 64 64 00 00 00
18:33:10.608269: 10 80 f0 64 64 00 00 00
18:33:10.628728: 10 80 f0 64 64 00 00 00
18:33:10.650042: 10 80 f0 64 64 00 00 00
18:33:10.669760: 10 80 f0 64 64 00 00 00
18:33:10.690645: 10 80 f0 64 64 00 00 00
18:33:10.710592: 10 80 f0 64 64 00 00 00
18:33:10.730747: 10 80 f0 64 64 00 00 00
18:33:10.750991: 10 80 f0 64 64 00 00 00
18:33:10.768014: 10 80 f0 64 64 00 00 00
18:33:10.788471: 10 80 f0 64 64 00 00 00
18:33:10.808942: 10 80 f0 64 64 00 00 00
18:33:10.829517: 10 80 f0 64 64 00 00 00
18:33:10.849947: 10 80 f0 64 64 00 00 00
18:33:10.870369: 10 80 f0 64 64 00 00 00
18:33:10.890546: 10 80 f0 64 64 00 00 00
18:33:10.910719: 10 80 f0 64 64 00 00 00
18:33:10.927747: 10 80 f0 64 64 00 00 00
18:33:10.948279: 10 80 f0 64 64 00 00 00
18:33:10.968755: 10 80 f0 64 64 00 00 00
18:33:10.989163: 10 80 f0 64 64 00 00 00
18:33:11.009609: 10 80 f0 64 64 00 00 00
18:33:11.030254: 10 80 f0 64 64 00 00 00
18:33:11.050488: 10 80 f0 64 64 00 00 00
18:33:11.070657: 10 80 f0 64 64 00 00 00
18:33:11.090919: 10 80 f0 64 64 00 00 00
18:33:11.107973: 10 80 f0 64 64 00 00 00
18:33:11.128489: 10 80 f0 64 64 00 00 00
18:33:11.149659: 10 80 f0 64 64 00 00 00
18:33:11.169467: 10 80 f0 64 64 00 00 00
18:33:11.189851: 10 80 f0 64 64 00 00 00
18:33:11.210369: 10 80 f0 64 64 00 00 00
18:33:11.230640: 10 80 f0 64 64 00 00 00
18:33:11.250741: 10 80 f0 64 64 00 00 00
18:33:11.267666: 10 80 f0 64 64 00 00 00
18:33:11.288518: 10 80 f0 64 64 00 00 00
18:33:11.308673: 10 80 f0 64 64 00 00 00
18:33:11.329246: 10 80 f0 64 64 00 00 00
18:33:11.349632: 10 80 f0 64 64 00 00 00
18:33:11.370121: 10 80 f0 64 64 00 00 00
18:33:11.390456: 10 80 f0 64 64 00 00 00
18:33:11.410560: 10 80 f0 64 64 00 00 00
18:33:11.430744: 10 80 f0 64 64 00 00 00
18:33:11.448748: 10 80 f0 64 64 00 00 00
18:33:11.468457: 10 80 f0 64 64 00 00 00
18:33:11.488885: 10 80 f0 64 64 00 00 00
18:33:11.509357: 10 80 f0 64 64 00 00 00
18:33:11.529825: 10 80 f0 64 64 00 00 00
18:33:11.550359: 10 80 f0 64 64 00 00 00
18:33:11.570584: 10 80 f0 64 64 00 00 00
18:33:11.591537: 10 80 f0 64 64 00 00 00
18:33:11.607673: 10 80 f0 64 64 00 00 00
18:33:11.628892: 10 80 f0 64 64 00 00 00
18:33:11.648560: 10 80 f0 64 64 00 00 00
18:33:11.669129: 10 80 f0 64 64 00 00 00
18:33:11.689572: 10 80 f0 64 64 00 00 00
18:33:11.710016: 10 80 f0 64 64 00 00 00
18:33:11.730373: 10 80 f0 64 64 00 00 00
18:33:11.750551: 10 80 f0 64 64 00 00 00
18:33:11.770694: 10 80 f0 64 64 00 00 00
18:33:11.787909: 10 80 f0 64 64 00 00 00
18:33:11.808343: 10 80 f0 64 64 00 00 00
18:33:11.829539: 10 80 f0 64 64 00 00 00
18:33:11.849374: 10 80 f0 64 64 00 00 00
18:33:11.869715: 10 80 f0 64 64 00 00 00
18:33:11.891873: 10 80 f0 64 64 00 00 00
18:33:11.910493: 10 80 f0 64 64 00 00 00
18:33:11.930676: 10 80 f0 64 64 00 00 00
18:33:11.947659: 10 80 f0 64 64 00 00 00
18:33:11.968401: 10 80 f0 64 64 00 00 00
18:33:11.988420: 10 80 f0 64 64 00 00 00
18:33:12.009751: 10 80 f0 64 64 00 00 00
18:33:12.029478: 10 80 f0 64 64 00 00 00
18:33:12.050003: 10 80 f0 64 64 00 00 00
18:33:12.071009: 10 80 f0 64 64 00 00 00
18:33:12.094034: 10 80 f0 64 64 00 00 00
18:33:12.112910: 10 80 f0 64 64 00 00 00
18:33:12.127339: 10 80 f0 64 64 00 00 00
18:33:12.149009: 10 80 f0 64 64 00 00 00
18:33:12.168692: 10 80 f0 64 64 00 00 00
18:33:12.188753: 10 80 f0 64 64 00 00 00
18:33:12.210403: 10 80 f0 64 64 00 00 00
18:33:12.230254: 10 80 f0 64 64 00 00 00
18:33:12.250431: 10 80 f0 64 64 00 00 00
18:33:12.270624: 10 80 f0 64 64 00 00 00
18:33:12.287563: 10 80 f0 64 64 00 00 00
18:33:12.307979: 10 80 a0 00 00 00 00 00
18:33:12.328923: 10 80 a0 00 00 00 00 00
18:33:12.348959: 10 80 a0 00 00 00 00 00
18:33:12.369167: 10 80 a0 00 00 00 00 00
18:33:12.389538: 10 80 a0 00 00 00 00 00
18:33:12.410353: 10 80 a0 00 00 00 00 00
18:33:12.430575: 10 80 a0 00 00 00 00 00
18:33:12.451406: 10 80 a0 00 00 00 00 00
18:33:12.467777: 10 80 a0 00 00 00 00 00
18:33:12.489021: 10 80 a0 00 00 00 00 00
18:33:12.508737: 10 80 a0 00 00 00 00 00
18:33:12.529919: 10 80 a0 00 00 00 00 00
18:33:12.549688: 10 80 a0 00 00 00 00 00
18:33:12.570214: 10 80 a0 00 00 00 00 00
18:33:12.591401: 10 80 a0 00 00 00 00 00
18:33:12.612018: 10 80 a0 00 00 00 00 00
18:33:12.626897: 10 80 a0 00 00 00 00 00
18:33:12.648072: 10 80 a0 00 00 00 00 00
18:33:12.668452: 10 80 a0 00 00 00 00 00
18:33:12.691492: 10 80 a0 00 00 00 00 00
18:33:12.709865: 10 80 a0 00 00 00 00 00
18:33:12.729980: 10 80 a0 00 00 00 00 00
18:33:12.750389: 10 80 a0 00 00 00 00 00
18:33:12.770453: 10 80 a0 00 00 00 00 00
18:33:12.790586: 10 80 a0 00 00 00 00 00
18:33:12.807716: 10 80 a0 00 00 00 00 00
18:33:12.828259: 10 80 a0 3c 3c 00 00 00
18:33:12.848765: 10 80 a0 3c 3c 00 00 00
18:33:12.869611: 10 80 a0 3c 3c 00 00 00
18:33:12.889658: 10 80 a0 3c 3c 00 00 00
18:33:12.910149: 10 80 a0 3c 3c 00 00 00
18:33:12.930380: 10 80 a0 3c 3c 00 00 00
18:33:12.950594: 10 80 a0 3c 3c 00 00 00
18:33:12.967546: 10 80 a0 3c 3c 00 00 00
18:33:12.988374: 10 80 a0 3c 3c 00 00 00
18:33:13.008407: 10 80 a0 3c 3c 00 00 00
18:33:13.028884: 10 80 a0 3c 3c 00 00 00
18:33:13.049649: 10 80 a0 3c 3c 00 00 00
18:33:13.069892: 10 80 a0 3c 3c 00 00 00
18:33:13.090362: 10 80 a0 3c 3c 00 00 00
18:33:13.110442: 10 80 a0 3c 3c 00 00 00
18:33:13.130693: 10 80 a0 3c 3c 00 00 00
18:33:13.147728: 10 80 a0 3c 3c 00 00 00
18:33:13.168148: 10 80 a0 3c 3c 00 00 00
18:33:13.188593: 10 80 a0 3c 3c 00 00 00
18:33:13.209132: 10 80 a0 3c 3c 00 00 00
18:33:13.229534: 10 80 a0 3c 3c 00 00 00
18:33:13.250055: 10 80 a0 3c 3c 00 00 00
18:33:13.270397: 10 80 a0 3c 3c 00 00 00
18:33:13.290505: 10 80 a0 3c 3c 00 00 00
18:33:13.308131: 10 80 a0 3c 3c 00 00 00
18:33:13.327908: 10 80 a0 3c 3c 00 00 00
18:33:13.348341: 10 80 a0 3c 3c 00 00 00
18:33:13.368886: 10 80 a0 3c 3c 00 00 00
18:33:13.389645: 10 80 a0 3c 3c 00 00 00
18:33:13.409895: 10 80 a0 3c 3c 00 00 00
18:33:13.430262: 10 80 a0 3c 3c 00 00 00
18:33:13.450445: 10 80 a0 3c 3c 00 00 00
18:33:13.471341: 10 80 a0 3c 3c 00 00 00
18:33:13.487629: 10 80 a0 00 00 00 00 00
18:33:13.508768: 10 80 a0 00 00 00 00 00
18:33:13.528613: 10 80 a0 00 00 00 00 00
18:33:13.549739: 10 80 a0 00 00 00 00 00
18:33:13.570254: 10 80 a0 00 00 00 00 00
18:33:13.589330: 10 80 a0 00 00 00 00 00
18:33:13.610346: 10 80 a0 00 00 00 00 00
18:33:13.630475: 10 80 a0 00 00 00 00 00
18:33:13.647844: 10 80 a0 00 00 00 00 00
18:33:13.668574: 10 80 a0 00 00 00 00 00
18:33:13.688360: 10 80 a0 00 00 00 00 00
18:33:13.708828: 10 80 a0 00 00 00 00 00
18:33:13.729368: 10 80 a0 00 00 00 00 00
18:33:13.749738: 10 80 a0 00 00 00 00 00
18:33:13.770239: 10 80 a0 00 00 00 00 00
18:33:13.790353: 10 80 a0 00 00 00 00 00
18:33:13.810564: 10 80 a0 00 00 00 00 00
18:33:13.827667: 10 80 a0 00 00 00 00 00
18:33:13.848089: 10 80 a0 00 00 00 00 00
18:33:13.868621: 10 80 a0 00 00 00 00 00
18:33:13.888968: 10 80 a0 00 00 00 00 00
18:33:13.909550: 10 80 a0 00 00 00 00 00
18:33:13.929949: 10 80 a0 00 00 00 00 00
18:33:13.950235: 10 80 a0 00 00 00 00 00
18:33:13.970489: 10 80 a0 00 00 00 00 00
18:33:13.987290: 10 80 a0 00 00 00 00 00
18:33:14.007799: 10 80 a0 00 00 00 00 00
18:33:14.029062: 10 80 b0 3c 3c 00 00 00
18:33:14.048782: 10 80 b0 3c 3c 00 00 00
18:33:14.069244: 10 80 b0 3c 3c 00 00 00
18:33:14.089679: 10 80 b0 3c 3c 00 00 00
18:33:14.110283: 10 80 b0 3c 3c 00 00 00
18:33:14.130394: 10 80 b0 3c 3c 00 00 00
18:33:14.150501: 10 80 b0 3c 3c 00 00 00
18:33:14.167522: 10 80 b0 3c 3c 00 00 00
18:33:14.187993: 10 80 b0 3c 3c 00 00 00
18:33:14.208415: 10 80 b0 3c 3c 00 00 00
18:33:14.228940: 10 80 b0 3c 3c 00 00 00
18:33:14.249487: 10 80 b0 3c 3c 00 00 00
18:33:14.269941: 10 80 b0 3c 3c 00 00 00
18:33:14.290273: 10 80 b0 3c 3c 00 00 00
18:33:14.311095: 10 80 b0 3c 3c 00 00 00
18:33:14.332489: 10 80 b0 3c 3c 00 00 00
18:33:14.348529: 10 80 b0 3c 3c 00 00 00
18:33:14.368963: 10 80 b0 3c 3c 00 00 00
18:33:14.388722: 10 80 b0 3c 3c 00 00 00
18:33:14.409182: 10 80 b0 3c 3c 00 00 00
18:33:14.429754: 10 80 b0 3c 3c 00 00 00
18:33:14.450171: 10 80 b0 3c 3c 00 00 00
18:33:14.470296: 10 80 b0 3c 3c 00 00 00
18:33:14.490454: 10 80 b0 3c 3c 00 00 00
18:33:14.507491: 10 80 b0 3c 3c 00 00 00
18:33:14.527947: 10 80 b0 3c 3c 00 00 00
18:33:14.548444: 10 80 b0 3c 3c 00 00 00
18:33:14.568957: 10 80 b0 3c 3c 00 00 00
18:33:14.589335: 10 80 b0 3c 3c 00 00 00
18:33:14.609941: 10 80 b0 3c 3c 00 00 00
18:33:14.630264: 10 80 b0 3c 3c 00 00 00
18:33:14.650468: 10 80 b0 3c 3c 00 00 00
18:33:14.670496: 10 80 b0 3c 3c 00 00 00
18:33:14.687955: 10 80 b0 3c 3c 00 00 00
18:33:14.708199: 10 80 b0 3c 3c 00 00 00
18:33:14.728642: 10 80 b0 3c 3c 00 00 00
18:33:14.749195: 10 80 b0 3c 3c 00 00 00
18:33:14.769603: 10 80 b0 3c 3c 00 00 00
18:33:14.790092: 10 80 b0 3c 3c 00 00 00
18:33:14.810282: 10 80 b0 3c 3c 00 00 00
18:33:14.830417: 10 80 b0 3c 3c 00 00 00
18:33:14.847421: 10 80 b0 3c 3c 00 00 00
18:33:14.867972: 10 80 b0 3c 3c 00 00 00
18:33:14.888327: 10 80 b0 3c 3c 00 00 00
18:33:14.908943: 10 80 b0 3c 3c 00 00 00
18:33:14.929318: 10 80 b0 3c 3c 00 00 00
18:33:14.949882: 10 80 b0 3c 3c 00 00 00
18:33:14.970304: 10 80 b0 3c 3c 00 00 00
18:33:14.990363: 10 80 b0 3c 3c 00 00 00
18:33:15.010492: 10 80 b0 3c 3c 00 00 00
18:33:15.027676: 10 80 b0 3c 3c 00 00 00
18:33:15.048172: 10 80 b0 3c 3c 00 00 00
18:33:15.069336: 10 80 b0 3c 3c 00 00 00
18:33:15.089148: 10 80 b0 3c 3c 00 00 00
18:33:15.109544: 10 80 b0 3c 3c 00 00 00
18:33:15.130146: 10 80 b0 3c 3c 00 00 00
18:33:15.150211: 10 80 b0 3c 3c 00 00 00
18:33:15.170487: 10 80 b0 3c 3c 00 00 00
18:33:15.187395: 10 80 b0 3c 3c 00 00 00
18:33:15.207839: 10 80 b0 3c 3c 00 00 00
18:33:15.228374: 10 80 b0 3c 3c 00 00 00
18:33:15.248817: 10 80 b0 3c 3c 00 00 00
18:33:15.269406: 10 80 b0 3c 3c 00 00 00
18:33:15.289846: 10 80 b0 3c 3c 00 00 00
18:33:15.310196: 10 80 b0 3c 3c 00 00 00
18:33:15.330380: 10 80 b0 3c 3c 00 00 00
18:33:15.350573: 10 80 b0 3c 3c 00 00 00
18:33:15.367660: 10 80 b0 3c 3c 00 00 00
18:33:15.388151: 10 80 b0 3c 3c 00 00 00
18:33:15.408588: 10 80 b0 3c 3c 00 00 00
18:33:15.429114: 10 80 b0 3c 3c 00 00 00
18:33:15.449595: 10 80 b0 3c 3c 00 00 00
18:33:15.470022: 10 80 b0 3c 3c 00 00 00
18:33:15.491236: 10 80 f0 64 64 00 00 00
18:33:15.510452: 10 80 f0 64 64 00 00 00
18:33:15.527405: 10 80 f0 64 64 00 00 00
18:33:15.547849: 10 80 f0 64 64 00 00 00
18:33:15.568336: 10 80 f0 64 64 00 00 00
18:33:15.588789: 10 80 f0 64 64 00 00 00
18:33:15.609433: 10 80 f0 64 64 00 00 00
18:33:15.629769: 10 80 f0 64 64 00 00 00
18:33:15.650178: 10 80 f0 64 64 00 00 00
18:33:15.670373: 10 80 f0 64 64 00 00 00
18:33:15.690490: 10 80 f0 64 64 00 00 00
18:33:15.708061: 10 80 f0 64 64 00 00 00
18:33:15.727362: 10 80 f0 64 64 00 00 00
18:33:15.748598: 10 80 f0 64 64 00 00 00
18:33:15.769097: 10 80 f0 64 64 00 00 00
18:33:15.789520: 10 80 f0 64 64 00 00 00
18:33:15.809993: 10 80 f0 64 64 00 00 00
18:33:15.830217: 10 80 f0 64 64 00 00 00
18:33:15.850329: 10 80 f0 64 64 00 00 00
18:33:15.868024: 10 80 f0 64 64 00 00 00
18:33:15.888434: 10 80 f0 64 64 00 00 00
18:33:15.908207: 10 80 f0 64 64 00 00 00
18:33:15.928761: 10 80 f0 64 64 00 00 00
18:33:15.949264: 10 80 f0 64 64 00 00 00
18:33:15.969761: 10 80 f0 64 64 00 00 00
18:33:15.990249: 10 80 f0 64 64 00 00 00
18:33:16.010303: 10 80 f0 64 64 00 00 00
18:33:16.030472: 10 80 f0 64 64 00 00 00
18:33:16.047556: 10 80 f0 64 64 00 00 00
18:33:16.068049: 10 80 f0 64 64 00 00 00
18:33:16.087863: 10 80 f0 64 64 00 00 00
18:33:16.109643: 10 80 f0 64 64 00 00 00
18:33:16.129440: 10 80 f0 64 64 00 00 00
18:33:16.149959: 10 80 f0 64 64 00 00 00
18:33:16.170148: 10 80 f0 64 64 00 00 00
18:33:16.190386: 10 80 f0 64 64 00 00 00
18:33:16.207271: 10 80 f0 64 64 00 00 00
18:33:16.228302: 10 80 f0 64 64 00 00 00
18:33:16.248281: 10 80 f0 64 64 00 00 00
18:33:16.268687: 10 80 f0 64 64 00 00 00
18:33:16.289182: 10 80 f0 64 64 00 00 00
18:33:16.309634: 10 80 f0 64 64 00 00 00
18:33:16.330206: 10 80 f0 64 64 00 00 00
18:33:16.350201: 10 80 f0 64 64 00 00 00
18:33:16.370432: 10 80 f0 64 64 00 00 00
18:33:16.387502: 10 80 f0 64 64 00 00 00
18:33:16.408792: 10 80 f0 64 64 00 00 00
18:33:16.428429: 10 80 f0 64 64 00 00 00
18:33:16.448878: 10 80 f0 64 64 00 00 00
18:33:16.469350: 10 80 f0 64 64 00 00 00
18:33:16.489888: 10 80 f0 64 64 00 00 00
18:33:16.510178: 10 80 f0 64 64 00 00 00
18:33:16.530389: 10 80 f0 64 64 00 00 00
18:33:16.547220: 10 80 f0 64 64 00 00 00
18:33:16.567715: 10 80 f0 64 64 00 00 00
18:33:16.589085: 10 80 f0 64 64 00 00 00
18:33:16.609358: 10 80 f0 64 64 00 00 00
18:33:16.629226: 10 80 f0 64 64 00 00 00
18:33:16.649612: 10 80 f0 64 64 00 00 00
18:33:16.669484: 10 80 f0 64 64 00 00 00
18:33:16.690950: 10 80 f0 64 64 00 00 00
18:33:16.710371: 10 80 f0 64 64 00 00 00
18:33:16.728056: 10 80 f0 64 64 00 00 00
18:33:16.747949: 10 80 f0 64 64 00 00 00
18:33:16.768353: 10 80 f0 64 64 00 00 00
18:33:16.788896: 10 80 f0 64 64 00 00 00
18:33:16.810024: 10 80 f0 64 64 00 00 00
18:33:16.829854: 10 80 f0 64 64 00 00 00
18:33:16.850093: 10 80 f0 64 64 00 00 00
18:33:16.870310: 10 80 f0 64 64 00 00 00
18:33:16.887240: 10 80 f0 64 64 00 00 00
18:33:16.907672: 10 80 f0 64 64 00 00 00
18:33:16.928203: 10 80 f0 64 64 00 00 00
18:33:16.948621: 10 80 f0 64 64 00 00 00
18:33:16.969122: 10 80 f0 64 64 00 00 00
18:33:16.989661: 10 80 f0 64 64 00 00 00
18:33:17.010129: 10 80 f0 64 64 00 00 00
18:33:17.030170: 10 80 f0 64 64 00 00 00
18:33:17.050368: 10 80 f0 64 64 00 00 00
18:33:17.067398: 10 80 f0 64 64 00 00 00
18:33:17.087919: 10 80 f0 64 64 00 00 00
18:33:17.108364: 10 80 f0 64 64 00 00 00
18:33:17.128806: 10 80 f0 64 64 00 00 00
18:33:17.149262: 10 80 f0 64 64 00 00 00
18:33:17.169790: 10 80 f0 64 64 00 00 00
18:33:17.190112: 10 80 f0 64 64 00 00 00
18:33:17.210256: 10 80 f0 64 64 00 00 00
18:33:17.227231: 10 80 f0 64 64 00 00 00
18:33:17.248356: 10 80 f0 64 64 00 00 00
18:33:17.268123: 10 80 f0 64 64 00 00 00
18:33:17.288514: 10 80 f0 64 64 00 00 00
18:33:17.309110: 10 80 f0 64 64 00 00 00
18:33:17.329579: 10 80 f0 64 64 00 00 00
18:33:17.350765: 10 80 f0 64 64 00 00 00
18:33:17.370165: 10 80 f0 64 64 00 00 00
18:33:17.390364: 10 80 f0 64 64 00 00 00
18:33:17.407402: 10 80 f0 64 64 00 00 00
18:33:17.427759: 10 80 f0 64 64 00 00 00
18:33:17.448238: 10 80 f0 64 64 00 00 00
18:33:17.468921: 10 80 f0 64 64 00 00 00
18:33:17.489949: 10 80 f0 64 64 00 00 00
18:33:17.509727: 10 80 f0 64 64 00 00 00
18:33:17.530181: 10 80 f0 64 64 00 00 00
18:33:17.550181: 10 80 f0 64 64 00 00 00
18:33:17.567140: 10 80 f0 64 64 00 00 00
18:33:17.587631: 10 80 f0 64 64 00 00 00
18:33:17.608045: 10 80 f0 64 64 00 00 00
18:33:17.629714: 10 80 f0 64 64 00 00 00
18:33:17.649896: 10 80 f0 64 64 00 00 00
18:33:17.669472: 10 80 f0 64 64 00 00 00
18:33:17.689995: 10 80 f0 64 64 00 00 00
18:33:17.710180: 10 80 f0 64 64 00 00 00
18:33:17.730810: 10 80 f0 64 64 00 00 00
18:33:17.748490: 10 80 f0 64 64 00 00 00
18:33:17.767813: 10 80 f0 64 64 00 00 00
18:33:17.788194: 10 80 f0 64 64 00 00 00
18:33:17.808774: 10 80 f0 64 64 00 00 00
18:33:17.829155: 10 80 f0 64 64 00 00 00
18:33:17.849688: 10 80 f0 64 64 00 00 00
18:33:17.870055: 10 80 f0 64 64 00 00 00
18:33:17.890225: 10 80 f0 64 64 00 00 00
18:33:17.907117: 10 80 f0 64 64 00 00 00
18:33:17.928359: 10 80 f0 64 64 00 00 00
18:33:17.948060: 10 80 f0 64 64 00 00 00
18:33:17.968484: 10 80 f0 64 64 00 00 00
18:33:17.988977: 10 80 f0 64 64 00 00 00
18:33:18.009401: 10 80 f0 64 64 00 00 00
18:33:18.029908: 10 80 f0 64 64 00 00 00
18:33:18.050153: 10 80 f0 64 64 00 00 00
18:33:18.070311: 10 80 f0 64 64 00 00 00
18:33:18.087307: 10 80 f0 64 64 00 00 00
18:33:18.107751: 10 80 f0 64 64 00 00 00
18:33:18.128162: 10 80 f0 64 64 00 00 00
18:33:18.148654: 10 80 f0 64 64 00 00 00
18:33:18.169227: 10 80 f0 64 64 00 00 00
18:33:18.189711: 10 80 f0 64 64 00 00 00
18:33:18.210132: 10 80 f0 64 64 00 00 00
18:33:18.230140: 10 80 f0 64 64 00 00 00
18:33:18.250359: 10 80 f0 64 64 00 00 00
18:33:18.268212: 10 80 f0 64 64 00 00 00
18:33:18.288012: 10 80 f0 64 64 00 00 00
18:33:18.308471: 10 80 f0 64 64 00 00 00
18:33:18.328977: 10 80 f0 64 64 00 00 00
18:33:18.350042: 10 80 f0 64 64 00 00 00
18:33:18.369217: 10 80 f0 64 64 00 00 00
18:33:18.390782: 10 80 f0 64 64 00 00 00
18:33:18.410125: 10 80 f0 64 64 00 00 00
18:33:18.427168: 10 80 f0 64 64 00 00 00
18:33:18.447737: 10 80 f0 64 64 00 00 00
18:33:18.468160: 10 80 f0 64 64 00 00 00
18:33:18.488669: 10 80 f0 64 64 00 00 00
18:33:18.510064: 10 80 f0 64 64 00 00 00
18:33:18.529639: 10 80 f0 64 64 00 00 00
18:33:18.550005: 10 80 f0 64 64 00 00 00
18:33:18.570191: 10 80 f0 64 64 00 00 00
18:33:18.590293: 10 80 f0 64 64 00 00 00
18:33:18.607443: 10 80 f0 64 64 00 00 00
18:33:18.627928: 10 80 f0 64 64 00 00 00
18:33:18.648420: 10 80 f0 64 64 00 00 00
18:33:18.668899: 10 80 f0 64 64 00 00 00
18:33:18.689357: 10 80 f0 64 64 00 00 00
18:33:18.709814: 10 80 f0 64 64 00 00 00
18:33:18.730149: 10 80 f0 64 64 00 00 00
18:33:18.750286: 10 80 f0 64 64 00 00 00
18:33:18.767206: 10 80 f0 64 64 00 00 00
18:33:18.787648: 10 80 f0 64 64 00 00 00
18:33:18.808223: 10 80 f0 64 64 00 00 00
18:33:18.828593: 10 80 f0 64 64 00 00 00
18:33:18.849663: 10 80 f0 64 64 00 00 00
18:33:18.869595: 10 80 f0 64 64 00 00 00
18:33:18.889883: 10 80 f0 64 64 00 00 00
18:33:18.910134: 10 80 f0 64 64 00 00 00
18:33:18.930171: 10 80 f0 64 64 00 00 00
18:33:18.947382: 10 80 f0 64 64 00 00 00
18:33:18.967889: 10 80 f0 64 64 00 00 00
18:33:18.988362: 10 80 f0 64 64 00 00 00
18:33:19.008805: 10 80 f0 64 64 00 00 00
18:33:19.029306: 10 80 f0 64 64 00 00 00
18:33:19.049757: 10 80 f0 64 64 00 00 00
18:33:19.070096: 10 80 f0 64 64 00 00 00
18:33:19.090221: 10 80 f0 64 64 00 00 00
18:33:19.107952: 10 80 f0 64 64 00 00 00
18:33:19.127590: 10 80 f0 64 64 00 00 00
18:33:19.148901: 10 80 f0 64 64 00 00 00
18:33:19.168613: 10 80 f0 64 64 00 00 00
18:33:19.189061: 10 80 f0 64 64 00 00 00
18:33:19.209501: 10 80 f0 64 64 00 00 00
18:33:19.229934: 10 80 f0 64 64 00 00 00
18:33:19.250076: 10 80 f0 64 64 00 00 00
18:33:19.270259: 10 80 f0 64 64 00 00 00
18:33:19.287365: 10 80 f0 64 64 00 00 00
18:33:19.307868: 10 80 f0 64 64 00 00 00
18:33:19.328396: 10 80 f0 64 64 00 00 00
18:33:19.349346: 10 80 f0 64 64 00 00 00
18:33:19.369305: 10 80 f0 64 64 00 00 00
18:33:19.389711: 10 80 f0 64 64 00 00 00
18:33:19.409940: 10 80 f0 64 64 00 00 00
18:33:19.430196: 10 80 f0 64 64 00 00 00
18:33:19.447131: 10 80 f0 64 64 00 00 00
18:33:19.467561: 10 80 f0 64 64 00 00 00
18:33:19.488331: 10 80 f0 64 64 00 00 00
18:33:19.508542: 10 80 f0 64 64 00 00 00
18:33:19.528982: 10 80 f0 64 64 00 00 00
18:33:19.549477: 10 80 f0 64 64 00 00 00
18:33:19.570030: 10 80 f0 64 64 00 00 00
18:33:19.590012: 10 80 f0 64 64 00 00 00
18:33:19.610297: 10 80 f0 64 64 00 00 00
18:33:19.627329: 10 80 f0 64 64 00 00 00
18:33:19.647795: 10 80 f0 64 64 00 00 00
18:33:19.668245: 10 80 f0 64 64 00 00 00
18:33:19.688688: 10 80 f0 64 64 00 00 00
18:33:19.709386: 10 80 f0 64 64 00 00 00
18:33:19.729707: 10 80 f0 64 64 00 00 00
18:33:19.749973: 10 80 f0 64 64 00 00 00
18:33:19.770024: 10 80 f0 64 64 00 00 00
18:33:19.787368: 10 80 f0 64 64 00 00 00
18:33:19.807589: 10 80 f0 64 64 00 00 00
18:33:19.827999: 10 80 f0 64 64 00 00 00
18:33:19.848922: 10 80 f0 64 64 00 00 00
18:33:19.868921: 10 80 f0 64 64 00 00 00
18:33:19.889373: 10 80 f0 64 64 00 00 00
18:33:19.910604: 10 80 f0 64 64 00 00 00
18:33:19.930064: 10 80 f0 64 64 00 00 00
18:33:19.950207: 10 80 f0 64 64 00 00 00
18:33:19.968140: 10 80 f0 64 64 00 00 00
18:33:19.987705: 10 80 f0 64 64 00 00 00
18:33:20.008194: 10 80 f0 64 64 00 00 00
18:33:20.028685: 10 80 f0 64 64 00 00 00
18:33:20.049125: 10 80 f0 64 64 00 00 00
18:33:20.070286: 10 80 f0 64 64 00 00 00
18:33:20.089960: 10 80 f0 64 64 00 00 00
18:33:20.110010: 10 80 f0 64 64 00 00 00
18:33:20.126942: 10 80 f0 64 64 00 00 00
18:33:20.147425: 10 80 f0 64 64 00 00 00
18:33:20.167916: 10 80 f0 64 64 00 00 00
18:33:20.188435: 10 80 f0 64 64 00 00 00
18:33:20.208911: 10 80 f0 64 64 00 00 00
18:33:20.229389: 10 80 f0 64 64 00 00 00
18:33:20.249846: 10 80 f0 64 64 00 00 00
18:33:20.270023: 10 80 f0 64 64 00 00 00
18:33:20.290075: 10 80 f0 64 64 00 00 00
18:33:20.307249: 10 80 f0 64 64 00 00 00
18:33:20.327702: 10 80 f0 64 64 00 00 00
18:33:20.348138: 10 80 f0 64 64 00 00 00
18:33:20.368607: 10 80 f0 64 64 00 00 00
18:33:20.389123: 10 80 f0 64 64 00 00 00
18:33:20.409575: 10 80 f0 64 64 00 00 00
18:33:20.429963: 10 80 f0 64 64 00 00 00
18:33:20.450054: 10 80 f0 64 64 00 00 00
18:33:20.466981: 10 80 f0 64 64 00 00 00
18:33:20.487435: 10 80 f0 64 64 00 00 00
18:33:20.507945: 10 80 f0 64 64 00 00 00
18:33:20.528351: 10 80 f0 64 64 00 00 00
18:33:20.548867: 10 80 f0 64 64 00 00 00
18:33:20.569341: 10 80 f0 64 64 00 00 00
18:33:20.589768: 10 80 f0 64 64 00 00 00
18:33:20.609916: 10 80 f0 64 64 00 00 00
18:33:20.630155: 10 80 f0 64 64 00 00 00
18:33:20.647226: 10 80 f0 64 64 00 00 00
18:33:20.667651: 10 80 f0 64 64 00 00 00
18:33:20.688181: 10 80 f0 64 64 00 00 00
18:33:20.708592: 10 80 f0 64 64 00 00 00
18:33:20.729149: 10 80 f0 64 64 00 00 00
18:33:20.749579: 10 80 f0 64 64 00 00 00
18:33:20.769876: 10 80 f0 64 64 00 00 00
18:33:20.790140: 10 80 f0 64 64 00 00 00
18:33:20.806944: 10 80 f0 64 64 00 00 00
18:33:20.827362: 10 80 f0 64 64 00 00 00
18:33:20.847863: 10 80 f0 64 64 00 00 00
18:33:20.868302: 10 80 f0 64 64 00 00 00
18:33:20.888820: 10 80 f0 64 64 00 00 00
18:33:20.909310: 10 80 f0 64 64 00 00 00
18:33:20.929768: 10 80 f0 64 64 00 00 00
18:33:20.949922: 10 80 f0 64 64 00 00 00
18:33:20.970072: 10 80 f0 64 64 00 00 00
18:33:20.987162: 10 80 f0 64 64 00 00 00
18:33:21.007633: 10 80 f0 64 64 00 00 00
18:33:21.028100: 10 80 f0 64 64 00 00 00
18:33:21.048505: 10 80 f0 64 64 00 00 00
18:33:21.069016: 10 80 f0 64 64 00 00 00
18:33:21.089493: 10 80 f0 64 64 00 00 00
18:33:21.109815: 10 80 f0 64 64 00 00 00
18:33:21.130032: 10 80 f0 64 64 00 00 00
18:33:21.146873: 10 80 f0 64 64 00 00 00
18:33:21.167352: 10 80 f0 64 64 00 00 00
18:33:21.187825: 10 80 f0 64 64 00 00 00
18:33:21.208712: 10 80 f0 64 64 00 00 00
18:33:21.228791: 10 80 f0 64 64 00 00 00
18:33:21.249226: 10 80 f0 64 64 00 00 00
18:33:21.269729: 10 80 f0 64 64 00 00 00
18:33:21.289863: 10 80 f0 64 64 00 00 00
18:33:21.310140: 10 80 f0 64 64 00 00 00
18:33:21.327131: 10 80 f0 64 64 00 00 00
18:33:21.347630: 10 80 f0 64 64 00 00 00
18:33:21.368097: 10 80 f0 64 64 00 00 00
18:33:21.388518: 10 80 f0 64 64 00 00 00
18:33:21.409024: 10 80 f0 64 64 00 00 00
18:33:21.429459: 10 80 f0 64 64 00 00 00
18:33:21.450410: 10 80 f0 64 64 00 00 00
18:33:21.469924: 10 80 f0 64 64 00 00 00
18:33:21.486847: 10 80 f0 64 64 00 00 00
18:33:21.507303: 10 80 f0 64 64 00 00 00
18:33:21.528628: 10 80 f0 64 64 00 00 00
18:33:21.548331: 10 80 f0 64 64 00 00 00
18:33:21.568812: 10 80 f0 64 64 00 00 00
18:33:21.589187: 10 80 f0 64 64 00 00 00
18:33:21.609676: 10 80 f0 64 64 00 00 00
18:33:21.629913: 10 80 f0 64 64 00 00 00
18:33:21.650059: 10 80 f0 64 64 00 00 00
18:33:21.667002: 10 80 f0 64 64 00 00 00
18:33:21.687501: 10 80 f0 64 64 00 00 00
18:33:21.707951: 10 80 f0 64 64 00 00 00
18:33:21.728421: 10 80 f0 64 64 00 00 00
18:33:21.748998: 10 80 f0 64 64 00 00 00
18:33:21.769415: 10 80 f0 64 64 00 00 00
18:33:21.789808: 10 80 f0 64 64 00 00 00
18:33:21.809895: 10 80 f0 64 64 00 00 00
18:33:21.830132: 10 80 f0 64 64 00 00 00
18:33:21.847281: 10 80 f0 64 64 00 00 00
18:33:21.867750: 10 80 f0 64 64 00 00 00
18:33:21.888177: 10 80 f0 64 64 00 00 00
18:33:21.908679: 10 80 f0 64 64 00 00 00
18:33:21.929160: 10 80 f0 64 64 00 00 00
18:33:21.949637: 10 80 f0 64 64 00 00 00
18:33:21.969924: 10 80 f0 64 64 00 00 00
18:33:21.989971: 10 80 f0 64 64 00 00 00
18:33:22.007054: 10 80 f0 64 64 00 00 00
18:33:22.027479: 10 80 f0 64 64 00 00 00
18:33:22.047895: 10 80 f0 64 64 00 00 00
18:33:22.068429: 10 80 f0 64 64 00 00 00
18:33:22.088848: 10 80 f0 64 64 00 00 00
18:33:22.109357: 10 80 f0 64 64 00 00 00
18:33:22.129792: 10 80 f0 64 64 00 00 00
18:33:22.149941: 10 80 f0 64 64 00 00 00
18:33:22.170073: 10 80 f0 64 64 00 00 00
18:33:22.187236: 10 80 f0 64 64 00 00 00
18:33:22.207664: 10 80 f0 64 64 00 00 00
18:33:22.228213: 10 80 f0 64 64 00 00 00
18:33:22.248592: 10 80 f0 64 64 00 00 00
18:33:22.269101: 10 80 f0 64 64 00 00 00
18:33:22.289577: 10 80 f0 64 64 00 00 00
18:33:22.309775: 10 80 f0 64 64 00 00 00
18:33:22.330021: 10 80 f0 64 64 00 00 00
18:33:22.346285: 10 80 f0 64 64 00 00 00
18:33:22.368106: 10 80 f0 64 64 00 00 00
18:33:22.387901: 10 80 f0 64 64 00 00 00
18:33:22.408330: 10 80 f0 64 64 00 00 00
18:33:22.428879: 10 80 f0 64 64 00 00 00
18:33:22.449396: 10 80 f0 64 64 00 00 00
18:33:22.469740: 10 80 f0 64 64 00 00 00
18:33:22.490595: 10 80 f0 64 64 00 00 00
18:33:22.510034: 10 80 f0 64 64 00 00 00
18:33:22.527192: 10 80 f0 64 64 00 00 00
18:33:22.547654: 10 80 f0 64 64 00 00 00
18:33:22.568177: 10 80 f0 64 64 00 00 00
18:33:22.588597: 10 80 f0 64 64 00 00 00
18:33:22.609123: 10 80 f0 64 64 00 00 00
18:33:22.629598: 10 80 f0 64 64 00 00 00
18:33:22.649968: 10 80 f0 64 64 00 00 00
18:33:22.670973: 10 80 f0 64 64 00 00 00
18:33:22.686933: 10 80 f0 64 64 00 00 00
18:33:22.707307: 10 80 f0 64 64 00 00 00
18:33:22.727907: 10 80 f0 64 64 00 00 00
18:33:22.749323: 10 80 f0 64 64 00 00 00
18:33:22.768820: 10 80 f0 64 64 00 00 00
18:33:22.789306: 10 80 f0 64 64 00 00 00
18:33:22.810414: 10 80 f0 64 64 00 00 00
18:33:22.829796: 10 80 f0 64 64 00 00 00
18:33:22.850018: 10 80 f0 64 64 00 00 00
18:33:22.867162: 10 80 f0 64 64 00 00 00
18:33:22.887589: 10 80 f0 64 64 00 00 00
18:33:22.908088: 10 80 f0 64 64 00 00 00
18:33:22.929313: 10 80 f0 64 64 00 00 00
18:33:22.949099: 10 80 f0 64 64 00 00 00
18:33:22.969524: 10 80 f0 64 64 00 00 00
18:33:22.989741: 10 80 f0 64 64 00 00 00
18:33:23.009918: 10 80 f0 64 64 00 00 00
18:33:23.026855: 10 80 f0 64 64 00 00 00
18:33:23.047332: 10 80 f0 64 64 00 00 00
18:33:23.067851: 10 80 f0 64 64 00 00 00
18:33:23.088311: 10 80 f0 64 64 00 00 00
18:33:23.108739: 10 80 f0 64 64 00 00 00
18:33:23.129331: 10 80 f0 64 64 00 00 00
18:33:23.149667: 10 80 f0 64 64 00 00 00
18:33:23.169846: 10 80 f0 64 64 00 00 00
18:33:23.189995: 10 80 f0 64 64 00 00 00
18:33:23.207164: 10 80 f0 64 64 00 00 00
18:33:23.227611: 10 80 f0 64 64 00 00 00
18:33:23.248052: 10 80 f0 64 64 00 00 00
18:33:23.268536: 10 80 f0 64 64 00 00 00
18:33:23.289117: 10 80 f0 64 64 00 00 00
18:33:23.309456: 10 80 f0 64 64 00 00 00
18:33:23.330441: 10 80 f0 64 64 00 00 00
18:33:23.349844: 10 80 f0 64 64 00 00 00
18:33:23.366752: 10 80 f0 64 64 00 00 00
18:33:23.387582: 10 80 f0 64 64 00 00 00
18:33:23.407727: 10 80 f0 64 64 00 00 00
18:33:23.429237: 10 80 f0 64 64 00 00 00
18:33:23.448764: 10 80 f0 64 64 00 00 00
18:33:23.469177: 10 80 f0 64 64 00 00 00
18:33:23.489720: 10 80 f0 64 64 00 00 00
18:33:23.509882: 10 80 f0 64 64 00 00 00
18:33:23.530785: 10 80 f0 64 64 00 00 00
18:33:23.547046: 10 80 f0 64 64 00 00 00
18:33:23.567533: 10 80 f0 64 64 00 00 00
18:33:23.588042: 10 80 f0 64 64 00 00 00
18:33:23.608482: 10 80 f0 64 64 00 00 00
18:33:23.628982: 10 80 f0 64 64 00 00 00
18:33:23.649372: 10 80 f0 64 64 00 00 00
18:33:23.669601: 10 80 f0 64 64 00 00 00
18:33:23.689765: 10 80 f0 64 64 00 00 00
18:33:23.706726: 10 80 f0 64 64 00 00 00
18:33:23.727239: 10 80 f0 64 64 00 00 00
18:33:23.748527: 10 80 f0 64 64 00 00 00
18:33:23.768170: 10 80 f0 64 64 00 00 00
18:33:23.788638: 10 80 f0 64 64 00 00 00
18:33:23.809122: 10 80 f0 64 64 00 00 00
18:33:23.829648: 10 80 f0 64 64 00 00 00
18:33:23.849854: 10 80 f0 64 64 00 00 00
18:33:23.869889: 10 80 f0 64 64 00 00 00
18:33:23.886958: 10 80 f0 64 64 00 00 00
18:33:23.907411: 10 80 f0 64 64 00 00 00
18:33:23.928010: 10 80 f0 64 64 00 00 00
18:33:23.948438: 10 80 f0 64 64 00 00 00
18:33:23.968925: 10 80 f0 64 64 00 00 00
18:33:23.989379: 10 80 f0 64 64 00 00 00
18:33:24.009650: 10 80 f0 64 64 00 00 00
18:33:24.029798: 10 80 f0 64 64 00 00 00
18:33:24.047238: 10 80 f0 64 64 00 00 00
18:33:24.067226: 10 80 f0 64 64 00 00 00
18:33:24.087680: 10 80 f0 64 64 00 00 00
18:33:24.108146: 10 80 f0 64 64 00 00 00
18:33:24.128619: 10 80 f0 64 64 00 00 00
18:33:24.149121: 10 80 f0 64 64 00 00 00
18:33:24.169549: 10 80 f0 64 64 00 00 00
18:33:24.190396: 10 80 f0 64 64 00 00 00
18:33:24.209796: 10 80 f0 64 64 00 00 00
18:33:24.226963: 10 80 f0 64 64 00 00 00
18:33:24.247432: 10 80 f0 64 64 00 00 00
18:33:24.267907: 10 80 f0 64 64 00 00 00
18:33:24.288306: 10 80 f0 64 64 00 00 00
18:33:24.308856: 10 80 f0 64 64 00 00 00
18:33:24.329331: 10 80 f0 64 64 00 00 00
18:33:24.349643: 10 80 f0 64 64 00 00 00
18:33:24.369776: 10 80 f0 64 64 00 00 00
18:33:24.386704: 10 80 f0 64 64 00 00 00
18:33:24.407180: 10 80 f0 64 64 00 00 00
18:33:24.427678: 10 80 f0 64 64 00 00 00
18:33:24.448176: 10 80 f0 64 64 00 00 00
18:33:24.468590: 10 80 f0 64 64 00 00 00
18:33:24.489137: 10 80 f0 64 64 00 00 00
18:33:24.509616: 10 80 f0 64 64 00 00 00
18:33:24.529684: 10 80 f0 64 64 00 00 00
18:33:24.549810: 10 80 f0 64 64 00 00 00
18:33:24.566906: 10 80 f0 64 64 00 00 00
18:33:24.587354: 10 80 f0 64 64 00 00 00
18:33:24.609411: 10 80 f0 64 64 00 00 00
18:33:24.627673: 10 80 f0 64 64 00 00 00
18:33:24.648814: 10 80 f0 64 64 00 00 00
18:33:24.669291: 10 80 f0 64 64 00 00 00
18:33:24.689606: 10 80 f0 64 64 00 00 00
18:33:24.709772: 10 80 f0 64 64 00 00 00
18:33:24.726609: 10 80 f0 64 64 00 00 00
18:33:24.747141: 10 80 f0 64 64 00 00 00
18:33:24.767597: 10 80 f0 64 64 00 00 00
18:33:24.788045: 10 80 f0 64 64 00 00 00
18:33:24.808526: 10 80 f0 64 64 00 00 00
18:33:24.828977: 10 80 f0 64 64 00 00 00
18:33:24.849502: 10 80 f0 64 64 00 00 00
18:33:24.869672: 10 80 f0 64 64 00 00 00
18:33:24.889845: 10 80 f0 64 64 00 00 00
18:33:24.907631: 10 80 f0 64 64 00 00 00
18:33:24.927309: 10 80 f0 64 64 00 00 00
18:33:24.948230: 10 80 f0 64 64 00 00 00
18:33:24.968231: 10 80 f0 64 64 00 00 00
18:33:24.988731: 10 80 f0 64 64 00 00 00
18:33:25.009209: 10 80 f0 64 64 00 00 00
18:33:25.029552: 10 80 f0 64 64 00 00 00
18:33:25.049703: 10 80 f0 64 64 00 00 00
18:33:25.067318: 10 80 f0 64 64 00 00 00
18:33:25.087131: 10 80 f0 64 64 00 00 00
18:33:25.107535: 10 80 f0 64 64 00 00 00
18:33:25.128122: 10 80 f0 64 64 00 00 00
18:33:25.148528: 10 80 f0 64 64 00 00 00
18:33:25.168944: 10 80 f0 64 64 00 00 00
18:33:25.189470: 10 80 f0 64 64 00 00 00
18:33:25.209744: 10 80 f0 64 64 00 00 00
18:33:25.229816: 10 80 f0 64 64 00 00 00
18:33:25.246825: 10 80 f0 64 64 00 00 00
18:33:25.267290: 10 80 f0 64 64 00 00 00
18:33:25.287738: 10 80 f0 64 64 00 00 00
18:33:25.308893: 10 80 f0 64 64 00 00 00
18:33:25.328775: 10 80 f0 64 64 00 00 00
18:33:25.349154: 10 80 f0 64 64 00 00 00
18:33:25.369515: 10 80 f0 64 64 00 00 00
18:33:25.389696: 10 80 f0 64 64 00 00 00
18:33:25.406603: 10 80 f0 64 64 00 00 00
18:33:25.427143: 10 80 f0 64 64 00 00 00
18:33:25.447510: 10 80 f0 64 64 00 00 00
18:33:25.467264: 10 80 f0 64 64 00 00 00
18:33:25.488502: 10 80 f0 64 64 00 00 00
18:33:25.508941: 10 80 f0 64 64 00 00 00
18:33:25.529481: 10 80 f0 64 64 00 00 00
18:33:25.549569: 10 80 f0 64 64 00 00 00
18:33:25.569753: 10 80 f0 64 64 00 00 00
18:33:25.586752: 10 80 f0 64 64 00 00 00
18:33:25.607192: 10 80 f0 64 64 00 00 00
18:33:25.627665: 10 80 f0 64 64 00 00 00
18:33:25.648166: 10 80 f0 64 64 00 00 00
18:33:25.668606: 10 80 f0 64 64 00 00 00
18:33:25.689105: 10 80 f0 64 64 00 00 00
18:33:25.709529: 10 80 f0 64 64 00 00 00
18:33:25.729753: 10 80 f0 64 64 00 00 00
18:33:25.749856: 10 80 f0 64 64 00 00 00
18:33:25.767826: 10 80 f0 64 64 00 00 00
18:33:25.787513: 10 80 f0 64 64 00 00 00
18:33:25.808002: 10 80 f0 64 64 00 00 00
18:33:25.829243: 10 80 f0 64 64 00 00 00
18:33:25.848999: 10 80 f0 64 64 00 00 00
18:33:25.869396: 10 80 f0 64 64 00 00 00
18:33:25.889572: 10 80 f0 64 64 00 00 00
18:33:25.909713: 10 80 f0 64 64 00 00 00
18:33:25.926746: 10 80 f0 64 64 00 00 00
18:33:25.947227: 10 80 f0 64 64 00 00 00
18:33:25.967636: 10 80 f0 64 64 00 00 00
18:33:25.988109: 10 80 f0 64 64 00 00 00
18:33:26.008648: 10 80 f0 64 64 00 00 00
18:33:26.029064: 10 80 f0 64 64 00 00 00
18:33:26.049498: 10 80 f0 64 64 00 00 00
18:33:26.069682: 10 80 f0 64 64 00 00 00
18:33:26.090070: 10 80 f0 64 64 00 00 00
18:33:26.106953: 10 80 f0 64 64 00 00 00
18:33:26.127387: 10 80 f0 64 64 00 00 00
18:33:26.147880: 10 80 f0 64 64 00 00 00
18:33:26.168332: 10 80 f0 64 64 00 00 00
18:33:26.188798: 10 80 f0 64 64 00 00 00
18:33:26.209304: 10 80 f0 64 64 00 00 00
18:33:26.229659: 10 80 f0 64 64 00 00 00
18:33:26.249675: 10 80 f0 64 64 00 00 00
18:33:26.266687: 10 80 f0 64 64 00 00 00
18:33:26.287180: 10 80 f0 64 64 00 00 00
18:33:26.307641: 10 80 f0 64 64 00 00 00
18:33:26.328075: 10 80 f0 64 64 00 00 00
18:33:26.348605: 10 80 f0 64 64 00 00 00
18:33:26.369017: 10 80 f0 64 64 00 00 00
18:33:26.389437: 10 80 f0 64 64 00 00 00
18:33:26.409579: 10 80 f0 64 64 00 00 00
18:33:26.429713: 10 80 f0 64 64 00 00 00
18:33:26.446996: 10 80 f0 64 64 00 00 00
18:33:26.467436: 10 80 f0 64 64 00 00 00
18:33:26.487887: 10 80 f0 64 64 00 00 00
18:33:26.508329: 10 80 f0 64 64 00 00 00
18:33:26.528820: 10 80 f0 64 64 00 00 00
18:33:26.549260: 10 80 f0 64 64 00 00 00
18:33:26.569548: 10 80 f0 64 64 00 00 00
18:33:26.589683: 10 80 f0 64 64 00 00 00
18:33:26.606649: 10 80 f0 64 64 00 00 00
18:33:26.627118: 10 80 f0 64 64 00 00 00
18:33:26.647557: 10 80 f0 64 64 00 00 00
18:33:26.668413: 10 80 f0 64 64 00 00 00
18:33:26.688528: 10 80 f0 64 64 00 00 00
18:33:26.708996: 10 80 f0 64 64 00 00 00
18:33:26.729410: 10 80 f0 64 64 00 00 00
18:33:26.749574: 10 80 f0 64 64 00 00 00
18:33:26.770650: 10 80 f0 64 64 00 00 00
18:33:26.786875: 10 80 f0 64 64 00 00 00
18:33:26.807328: 10 80 f0 64 64 00 00 00
18:33:26.827810: 10 80 f0 64 64 00 00 00
18:33:26.849100: 10 80 f0 64 64 00 00 00
18:33:26.868715: 10 80 f0 64 64 00 00 00
18:33:26.889261: 10 80 f0 64 64 00 00 00
18:33:26.909497: 10 80 f0 64 64 00 00 00
18:33:26.929643: 10 80 f0 64 64 00 00 00
18:33:26.946563: 10 80 f0 64 64 00 00 00
18:33:26.967167: 10 80 f0 64 64 00 00 00
18:33:26.987484: 10 80 f0 64 64 00 00 00
18:33:27.007989: 10 80 f0 64 64 00 00 00
18:33:27.028533: 10 80 f0 64 64 00 00 00
18:33:27.048932: 10 80 f0 64 64 00 00 00
18:33:27.069471: 10 80 f0 64 64 00 00 00
18:33:27.090017: 10 80 f0 64 64 00 00 00
18:33:27.109603: 10 80 f0 64 64 00 00 00
18:33:27.126842: 10 80 f0 64 64 00 00 00
18:33:27.146537: 10 80 f0 64 64 00 00 00
18:33:27.167552: 10 80 f0 64 64 00 00 00
18:33:27.188032: 10 80 f0 64 64 00 00 00
18:33:27.208513: 10 80 f0 64 64 00 00 00
18:33:27.229528: 10 80 f0 64 64 00 00 00
18:33:27.249378: 10 80 f0 64 64 00 00 00
18:33:27.270476: 10 80 f0 64 64 00 00 00
18:33:27.286695: 10 80 f0 64 64 00 00 00
18:33:27.307235: 10 80 f0 64 64 00 00 00
18:33:27.327587: 10 80 f0 64 64 00 00 00
18:33:27.348011: 10 80 f0 64 64 00 00 00
18:33:27.368472: 10 80 f0 64 64 00 00 00
18:33:27.388906: 10 80 f0 64 64 00 00 00
18:33:27.409371: 10 80 f0 64 64 00 00 00
18:33:27.429578: 10 80 f0 64 64 00 00 00
18:33:27.449700: 10 80 f0 64 64 00 00 00
18:33:27.467540: 10 80 f0 64 64 00 00 00
18:33:27.487239: 10 80 f0 64 64 00 00 00
18:33:27.507730: 10 80 f0 64 64 00 00 00
18:33:27.528189: 10 80 f0 64 64 00 00 00
18:33:27.548672: 10 80 f0 64 64 00 00 00
18:33:27.569099: 10 80 f0 64 64 00 00 00
18:33:27.589539: 10 80 f0 64 64 00 00 00
18:33:27.609612: 10 80 f0 64 64 00 00 00
18:33:27.626529: 10 80 f0 64 64 00 00 00
18:33:27.646982: 10 80 f0 64 64 00 00 00
18:33:27.667457: 10 80 f0 64 64 00 00 00
18:33:27.688106: 10 80 f0 64 64 00 00 00
18:33:27.708373: 10 80 f0 64 64 00 00 00
18:33:27.728841: 10 80 f0 64 64 00 00 00
18:33:27.749365: 10 80 f0 64 64 00 00 00
18:33:27.769609: 10 80 f0 64 64 00 00 00
18:33:27.789637: 10 80 f0 64 64 00 00 00
18:33:27.806699: 10 80 f0 64 64 00 00 00
18:33:27.827167: 10 80 f0 64 64 00 00 00
18:33:27.847655: 10 80 f0 64 64 00 00 00
18:33:27.868190: 10 80 f0 64 64 00 00 00
18:33:27.888585: 10 80 f0 64 64 00 00 00
18:33:27.909054: 10 80 f0 64 64 00 00 00
18:33:27.929425: 10 80 f0 64 64 00 00 00
18:33:27.949671: 10 80 f0 64 64 00 00 00
18:33:27.966476: 10 80 f0 64 64 00 00 00
18:33:27.987701: 10 80 f0 64 64 00 00 00
18:33:28.007411: 10 80 f0 64 64 00 00 00
18:33:28.027854: 10 80 f0 64 64 00 00 00
18:33:28.048360: 10 80 f0 64 64 00 00 00
18:33:28.068832: 10 80 f0 64 64 00 00 00
18:33:28.089302: 10 80 f0 64 64 00 00 00
18:33:28.109483: 10 80 f0 64 64 00 00 00
18:33:28.129591: 10 80 f0 64 64 00 00 00
18:33:28.146703: 10 80 f0 64 64 00 00 00
18:33:28.167148: 10 80 f0 64 64 00 00 00
18:33:28.187539: 10 80 f0 64 64 00 00 00
18:33:28.208074: 10 80 f0 64 64 00 00 00
18:33:28.228552: 10 80 f0 64 64 00 00 00
18:33:28.249057: 10 80 f0 64 64 00 00 00
18:33:28.269342: 10 80 f0 64 64 00 00 00
18:33:28.289580: 10 80 f0 64 64 00 00 00
18:33:28.306382: 10 80 f0 64 64 00 00 00
18:33:28.326880: 10 80 f0 64 64 00 00 00
18:33:28.347352: 10 80 f0 64 64 00 00 00
18:33:28.367824: 10 80 f0 64 64 00 00 00
18:33:28.388379: 10 80 f0 64 64 00 00 00
18:33:28.408920: 10 80 f0 64 64 00 00 00
18:33:28.429296: 10 80 f0 64 64 00 00 00
18:33:28.449412: 10 80 f0 64 64 00 00 00
18:33:28.469598: 10 80 f0 64 64 00 00 00
18:33:28.486623: 10 80 f0 64 64 00 00 00
18:33:28.507054: 10 80 f0 64 64 00 00 00
18:33:28.527521: 10 80 f0 64 64 00 00 00
18:33:28.548069: 10 80 f0 64 64 00 00 00
18:33:28.568542: 10 80 f0 64 64 00 00 00
18:33:28.589046: 10 80 f0 64 64 00 00 00
18:33:28.609337: 10 80 f0 64 64 00 00 00
18:33:28.629484: 10 80 f0 64 64 00 00 00
18:33:28.646421: 10 80 f0 64 64 00 00 00
18:33:28.667678: 10 80 f0 64 64 00 00 00
18:33:28.687320: 10 80 f0 64 64 00 00 00
18:33:28.707827: 10 80 f0 64 64 00 00 00
18:33:28.728346: 10 80 f0 64 64 00 00 00
18:33:28.748714: 10 80 f0 64 64 00 00 00
18:33:28.769261: 10 80 f0 64 64 00 00 00
18:33:28.789376: 10 80 f0 64 64 00 00 00
18:33:28.809585: 10 80 f0 64 64 00 00 00
18:33:28.827047: 10 80 f0 64 64 00 00 00
18:33:28.847054: 10 80 f0 64 64 00 00 00
18:33:28.868412: 10 80 f0 64 64 00 00 00
18:33:28.888082: 10 80 f0 64 64 00 00 00
18:33:28.908508: 10 80 f0 64 64 00 00 00
18:33:28.928902: 10 80 f0 64 64 00 00 00
18:33:28.949243: 10 80 f0 64 64 00 00 00
18:33:28.969878: 10 80 f0 64 64 00 00 00
18:33:28.986337: 10 80 f0 64 64 00 00 00
18:33:29.006871: 10 80 f0 64 64 00 00 00
18:33:29.027252: 10 80 f0 64 64 00 00 00
18:33:29.047725: 10 80 f0 64 64 00 00 00
18:33:29.068214: 10 80 f0 64 64 00 00 00
18:33:29.088747: 10 80 f0 64 64 00 00 00
18:33:29.109187: 10 80 f0 64 64 00 00 00
18:33:29.129311: 10 80 f0 64 64 00 00 00
18:33:29.149523: 10 80 f0 64 64 00 00 00
18:33:29.166527: 10 80 f0 64 64 00 00 00
18:33:29.187740: 10 80 f0 64 64 00 00 00
18:33:29.207516: 10 80 f0 64 64 00 00 00
18:33:29.228015: 10 80 f0 64 64 00 00 00
18:33:29.248492: 10 80 f0 64 64 00 00 00
18:33:29.268908: 10 80 f0 64 64 00 00 00
18:33:29.289305: 10 80 f0 64 64 00 00 00
18:33:29.310121: 10 80 f0 64 64 00 00 00
18:33:29.326306: 10 80 f0 64 64 00 00 00
18:33:29.346745: 10 80 f0 64 64 00 00 00
18:33:29.367286: 10 80 f0 64 64 00 00 00
18:33:29.387752: 10 80 f0 64 64 00 00 00
18:33:29.408145: 10 80 f0 64 64 00 00 00
18:33:29.428613: 10 80 f0 64 64 00 00 00
18:33:29.449045: 10 80 f0 64 64 00 00 00
18:33:29.469359: 10 80 f0 64 64 00 00 00
18:33:29.489544: 10 80 f0 64 64 00 00 00
18:33:29.506532: 10 80 f0 64 64 00 00 00
18:33:29.527010: 10 80 f0 64 64 00 00 00
18:33:29.547466: 10 80 f0 64 64 00 00 00
18:33:29.567666: 10 80 f0 64 64 00 00 00
18:33:29.588443: 10 80 f0 64 64 00 00 00
18:33:29.608855: 10 80 f0 64 64 00 00 00
18:33:29.629220: 10 80 f0 64 64 00 00 00
18:33:29.649409: 10 80 f0 64 64 00 00 00
18:33:29.670298: 10 80 f0 64 64 00 00 00
18:33:29.686035: 10 80 f0 64 64 00 00 00
18:33:29.707165: 10 80 f0 64 64 00 00 00
18:33:29.727652: 10 80 f0 64 64 00 00 00
18:33:29.748117: 10 80 f0 64 64 00 00 00
18:33:29.769104: 10 80 f0 64 64 00 00 00
18:33:29.789063: 10 80 f0 64 64 00 00 00
18:33:29.808794: 10 80 f0 64 64 00 00 00
18:33:29.830142: 10 80 f0 64 64 00 00 00
18:33:29.846436: 10 80 f0 64 64 00 00 00
18:33:29.866916: 10 80 f0 64 64 00 00 00
18:33:29.887389: 10 80 f0 64 64 00 00 00
18:33:29.907843: 10 80 f0 64 64 00 00 00
18:33:29.928300: 10 80 f0 64 64 00 00 00
18:33:29.948774: 10 80 f0 64 64 00 00 00
18:33:29.969691: 10 80 f0 64 64 00 00 00
18:33:29.989361: 10 80 f0 64 64 00 00 00
18:33:30.009487: 10 80 f0 64 64 00 00 00
18:33:30.026683: 10 80 f0 64 64 00 00 00
18:33:30.047193: 10 80 f0 64 64 00 00 00
18:33:30.067668: 10 80 f0 64 64 00 00 00
18:33:30.088135: 10 80 f0 64 64 00 00 00
18:33:30.108587: 10 80 f0 64 64 00 00 00
18:33:30.129140: 10 80 f0 64 64 00 00 00
18:33:30.149304: 10 80 f0 64 64 00 00 00
18:33:30.169452: 10 80 f0 64 64 00 00 00
18:33:30.186399: 10 80 f0 64 64 00 00 00
18:33:30.206894: 10 80 f0 64 64 00 00 00
18:33:30.227092: 10 80 f0 64 64 00 00 00
18:33:30.247347: 10 80 f0 64 64 00 00 00
18:33:30.268088: 10 80 f0 64 64 00 00 00
18:33:30.288607: 10 80 f0 64 64 00 00 00
18:33:30.308907: 10 80 f0 64 64 00 00 00
18:33:30.329301: 10 80 f0 64 64 00 00 00
18:33:30.349226: 10 80 f0 64 64 00 00 00
18:33:30.366408: 10 80 f0 64 64 00 00 00
18:33:30.386940: 10 80 f0 64 64 00 00 00
18:33:30.407095: 10 80 f0 64 64 00 00 00
18:33:30.428340: 10 80 f0 64 64 00 00 00
18:33:30.448307: 10 80 f0 64 64 00 00 00
18:33:30.469973: 10 80 f0 64 64 00 00 00
18:33:30.489516: 10 80 f0 64 64 00 00 00
18:33:30.509561: 10 80 f0 64 64 00 00 00
18:33:30.526569: 10 80 f0 64 64 00 00 00
18:33:30.547037: 10 80 f0 64 64 00 00 00
18:33:30.567335: 10 80 f0 64 64 00 00 00
18:33:30.587810: 10 80 f0 64 64 00 00 00
18:33:30.608311: 10 80 f0 64 64 00 00 00
18:33:30.628810: 10 80 f0 64 64 00 00 00
18:33:30.649114: 10 80 f0 64 64 00 00 00
18:33:30.670035: 10 80 f0 64 64 00 00 00
18:33:30.689431: 10 80 f0 64 64 00 00 00
18:33:30.707166: 10 80 f0 64 64 00 00 00
18:33:30.727125: 10 80 f0 64 64 00 00 00
18:33:30.748200: 10 80 f0 64 64 00 00 00
18:33:30.768097: 10 80 f0 64 64 00 00 00
18:33:30.788475: 10 80 f0 64 64 00 00 00
18:33:30.809048: 10 80 f0 64 64 00 00 00
18:33:30.829194: 10 80 f0 64 64 00 00 00
18:33:30.849350: 10 80 f0 64 64 00 00 00
18:33:30.866966: 10 80 f0 64 64 00 00 00
18:33:30.886834: 10 80 f0 64 64 00 00 00
18:33:30.907315: 10 80 f0 64 64 00 00 00
18:33:30.927951: 10 80 f0 64 64 00 00 00
18:33:30.948243: 10 80 f0 64 64 00 00 00
18:33:30.969621: 10 80 f0 64 64 00 00 00
18:33:30.989225: 10 80 f0 64 64 00 00 00
18:33:31.010010: 10 80 f0 64 64 00 00 00
18:33:31.029692: 10 80 f0 64 64 00 00 00
18:33:31.046533: 10 80 f0 64 64 00 00 00
18:33:31.067023: 10 80 f0 64 64 00 00 00
18:33:31.087526: 10 80 f0 64 64 00 00 00
18:33:31.107981: 10 80 f0 64 64 00 00 00
18:33:31.128471: 10 80 f0 64 64 00 00 00
18:33:31.148870: 10 80 f0 64 64 00 00 00
18:33:31.169112: 10 80 f0 64 64 00 00 00
18:33:31.189298: 10 80 f0 64 64 00 00 00
18:33:31.206913: 10 80 f0 64 64 00 00 00
18:33:31.226850: 10 80 f0 64 64 00 00 00
18:33:31.247175: 10 80 f0 64 64 00 00 00
18:33:31.267721: 10 80 f0 64 64 00 00 00
18:33:31.288148: 10 80 f0 64 64 00 00 00
18:33:31.308705: 10 80 f0 64 64 00 00 00
18:33:31.329210: 10 80 f0 64 64 00 00 00
18:33:31.349296: 10 80 f0 64 64 00 00 00
18:33:31.369471: 10 80 f0 64 64 00 00 00
18:33:31.386516: 10 80 f0 64 64 00 00 00
18:33:31.407022: 10 80 f0 64 64 00 00 00
18:33:31.427447: 10 80 f0 64 64 00 00 00
18:33:31.447970: 10 80 f0 64 64 00 00 00
18:33:31.468391: 10 80 f0 64 64 00 00 00
18:33:31.488801: 10 80 f0 64 64 00 00 00
18:33:31.509119: 10 80 f0 64 64 00 00 00
18:33:31.529240: 10 80 f0 64 64 00 00 00
18:33:31.546213: 10 80 f0 64 64 00 00 00
18:33:31.566685: 10 80 f0 64 64 00 00 00
18:33:31.587247: 10 80 f0 64 64 00 00 00
18:33:31.607763: 10 80 f0 64 64 00 00 00
18:33:31.628127: 10 80 f0 64 64 00 00 00
18:33:31.648586: 10 80 f0 64 64 00 00 00
18:33:31.669058: 10 80 f0 64 64 00 00 00
18:33:31.689192: 10 80 f0 64 64 00 00 00
18:33:31.709416: 10 80 f0 64 64 00 00 00
18:33:31.726752: 10 80 f0 64 64 00 00 00
18:33:31.746932: 10 80 f0 64 64 00 00 00
18:33:31.767437: 10 80 f0 64 64 00 00 00
18:33:31.787841: 10 80 f0 64 64 00 00 00
18:33:31.808383: 10 80 f0 64 64 00 00 00
18:33:31.828768: 10 80 f0 64 64 00 00 00
18:33:31.849073: 10 80 f0 64 64 00 00 00
18:33:31.869251: 10 80 f0 64 64 00 00 00
18:33:31.886199: 10 80 f0 64 64 00 00 00
18:33:31.906620: 10 80 f0 64 64 00 00 00
18:33:31.926693: 10 80 f0 64 64 00 00 00
18:33:31.947131: 10 80 f0 64 64 00 00 00
18:33:31.967889: 10 80 f0 64 64 00 00 00
18:33:31.988401: 10 80 f0 64 64 00 00 00
18:33:32.008858: 10 80 f0 64 64 00 00 00
18:33:32.028944: 10 80 f0 64 64 00 00 00
18:33:32.049107: 10 80 f0 64 64 00 00 00
18:33:32.066200: 10 80 f0 64 64 00 00 00
18:33:32.086445: 10 80 f0 64 64 00 00 00
18:33:32.107388: 10 80 f0 64 64 00 00 00
18:33:32.128536: 10 80 f0 64 64 00 00 00
18:33:32.148618: 10 80 f0 64 64 00 00 00
18:33:32.169767: 10 80 f0 64 64 00 00 00
18:33:32.189285: 10 80 f0 64 64 00 00 00
18:33:32.209317: 10 80 f0 64 64 00 00 00
18:33:32.226167: 10 80 f0 64 64 00 00 00
18:33:32.246635: 10 80 f0 64 64 00 00 00
18:33:32.267162: 10 80 f0 64 64 00 00 00
18:33:32.287642: 10 80 f0 64 64 00 00 00
18:33:32.308104: 10 80 f0 64 64 00 00 00
18:33:32.329256: 10 80 f0 64 64 00 00 00
18:33:32.348995: 10 80 f0 64 64 00 00 00
18:33:32.369178: 10 80 f0 64 64 00 00 00
18:33:32.389380: 10 80 f0 64 64 00 00 00
18:33:32.406378: 10 80 f0 64 64 00 00 00
18:33:32.426889: 10 80 f0 64 64 00 00 00
18:33:32.447260: 10 80 f0 64 64 00 00 00
18:33:32.467739: 10 80 f0 64 64 00 00 00
18:33:32.487978: 10 80 f0 64 64 00 00 00
18:33:32.509205: 10 80 f0 64 64 00 00 00
18:33:32.529727: 10 80 f0 64 64 00 00 00
18:33:32.549904: 10 80 f0 64 64 00 00 00
18:33:32.566058: 10 80 f0 64 64 00 00 00
18:33:32.585836: 10 80 f0 64 64 00 00 00
18:33:32.607808: 10 80 f0 64 64 00 00 00
18:33:32.627648: 10 80 f0 64 64 00 00 00
18:33:32.648001: 10 80 f0 64 64 00 00 00
18:33:32.668443: 10 80 f0 64 64 00 00 00
18:33:32.688994: 10 80 f0 64 64 00 00 00
18:33:32.709782: 10 80 f0 64 64 00 00 00
18:33:32.729283: 10 80 f0 64 64 00 00 00
18:33:32.747036: 10 80 f0 64 64 00 00 00
18:33:32.766751: 10 80 f0 64 64 00 00 00
18:33:32.787269: 10 80 f0 64 64 00 00 00
18:33:32.807729: 10 80 f0 64 64 00 00 00
18:33:32.828199: 10 80 f0 64 64 00 00 00
18:33:32.848711: 10 80 f0 64 64 00 00 00
18:33:32.869009: 10 80 f0 64 64 00 00 00
18:33:32.889264: 10 80 f0 64 64 00 00 00
18:33:32.905868: 10 80 f0 64 64 00 00 00
18:33:32.926338: 10 80 f0 64 64 00 00 00
18:33:32.946833: 10 80 f0 64 64 00 00 00
18:33:32.966978: 10 80 f0 64 64 00 00 00
18:33:32.987763: 10 80 f0 64 64 00 00 00
18:33:33.008227: 10 80 f0 64 64 00 00 00
18:33:33.028907: 10 80 f0 64 64 00 00 00
18:33:33.049041: 10 80 f0 64 64 00 00 00
18:33:33.069650: 10 80 f0 64 64 00 00 00
18:33:33.087208: 10 80 f0 64 64 00 00 00
18:33:33.106967: 10 80 f0 64 64 00 00 00
18:33:33.127243: 10 80 f0 64 64 00 00 00
18:33:33.147671: 10 80 f0 64 64 00 00 00
18:33:33.168179: 10 80 f0 64 64 00 00 00
18:33:33.188635: 10 80 f0 64 64 00 00 00
18:33:33.209012: 10 80 f0 64 64 00 00 00
18:33:33.229233: 10 80 f0 64 64 00 00 00
18:33:33.250043: 10 80 f0 64 64 00 00 00
18:33:33.266401: 10 80 f0 64 64 00 00 00
18:33:33.286898: 10 80 f0 64 64 00 00 00
18:33:33.307386: 10 80 f0 64 64 00 00 00
18:33:33.327938: 10 80 f0 64 64 00 00 00
18:33:33.348459: 10 80 f0 64 64 00 00 00
18:33:33.368811: 10 80 a0 00 00 00 00 00
18:33:33.389784: 10 80 a0 00 00 00 00 00
18:33:33.409267: 10 80 a0 00 00 00 00 00
18:33:33.426291: 10 80 a0 00 00 00 00 00
18:33:33.446674: 10 80 a0 00 00 00 00 00
18:33:33.467175: 10 80 a0 00 00 00 00 00
18:33:33.487636: 10 80 a0 00 00 00 00 00
18:33:33.508808: 10 80 a0 00 00 00 00 00
18:33:33.528718: 10 80 a0 00 00 00 00 00
18:33:33.548969: 10 80 a0 00 00 00 00 00
18:33:33.569161: 10 80 a0 00 00 00 00 00
18:33:33.589219: 10 80 a0 00 00 00 00 00
18:33:33.606446: 10 80 a0 00 00 00 00 00
18:33:33.626937: 10 80 a0 00 00 00 00 00
18:33:33.647358: 10 80 a0 00 00 00 00 00
18:33:33.667804: 10 80 a0 00 00 00 00 00
18:33:33.688549: 10 80 a0 00 00 00 00 00
18:33:33.708797: 10 80 a0 00 00 00 00 00
18:33:33.728984: 10 80 a0 00 00 00 00 00
18:33:33.749183: 10 80 a0 00 00 00 00 00
18:33:33.766907: 10 80 a0 00 00 00 00 00
18:33:33.787724: 10 80 a0 00 00 00 00 00
18:33:33.807142: 10 80 a0 00 00 00 00 00
18:33:33.827598: 10 80 a0 00 00 00 00 00
18:33:33.848059: 10 80 a0 00 00 00 00 00
18:33:33.868609: 10 80 a0 00 00 00 00 00
18:33:33.888944: 10 80 a0 3c 3c 00 00 00
18:33:33.909070: 10 80 a0 3c 3c 00 00 00
18:33:33.929160: 10 80 a0 3c 3c 00 00 00
18:33:33.947120: 10 80 a0 3c 3c 00 00 00
18:33:33.966916: 10 80 a0 3c 3c 00 00 00
18:33:33.988061: 10 80 a0 3c 3c 00 00 00
18:33:34.008503: 10 80 a0 3c 3c 00 00 00
18:33:34.028608: 10 80 a0 3c 3c 00 00 00
18:33:34.049525: 10 80 a0 3c 3c 00 00 00
18:33:34.069015: 10 80 a0 3c 3c 00 00 00
18:33:34.089179: 10 80 a0 3c 3c 00 00 00
18:33:34.106248: 10 80 a0 3c 3c 00 00 00
18:33:34.126638: 10 80 a0 3c 3c 00 00 00
18:33:34.147057: 10 80 a0 3c 3c 00 00 00
18:33:34.167562: 10 80 a0 3c 3c 00 00 00
18:33:34.188016: 10 80 a0 3c 3c 00 00 00
18:33:34.208487: 10 80 a0 3c 3c 00 00 00
18:33:34.228905: 10 80 a0 3c 3c 00 00 00
18:33:34.249001: 10 80 a0 3c 3c 00 00 00
18:33:34.269151: 10 80 a0 3c 3c 00 00 00
18:33:34.286429: 10 80 a0 3c 3c 00 00 00
18:33:34.306974: 10 80 a0 3c 3c 00 00 00
18:33:34.327286: 10 80 a0 3c 3c 00 00 00
18:33:34.347762: 10 80 a0 3c 3c 00 00 00
18:33:34.369085: 10 80 a0 3c 3c 00 00 00
18:33:34.388785: 10 80 a0 3c 3c 00 00 00
18:33:34.408939: 10 80 a0 3c 3c 00 00 00
18:33:34.429185: 10 80 a0 3c 3c 00 00 00
18:33:34.446252: 10 80 a0 3c 3c 00 00 00
18:33:34.466560: 10 80 a0 3c 3c 00 00 00
18:33:34.487124: 10 80 a0 3c 3c 00 00 00
18:33:34.507516: 10 80 a0 3c 3c 00 00 00
18:33:34.527911: 10 80 a0 3c 3c 00 00 00
18:33:34.548406: 10 80 a0 00 00 00 00 00
18:33:34.568840: 10 80 a0 00 00 00 00 00
18:33:34.589033: 10 80 a0 00 00 00 00 00
18:33:34.609079: 10 80 a0 00 00 00 00 00
18:33:34.626228: 10 80 a0 00 00 00 00 00
18:33:34.646712: 10 80 a0 00 00 00 00 00
18:33:34.666938: 10 80 a0 00 00 00 00 00
18:33:34.687751: 10 80 a0 00 00 00 00 00
18:33:34.708258: 10 80 a0 00 00 00 00 00
18:33:34.728723: 10 80 a0 00 00 00 00 00
18:33:34.748903: 10 80 a0 00 00 00 00 00
18:33:34.769153: 10 80 a0 00 00 00 00 00
18:33:34.786093: 10 80 a0 00 00 00 00 00
18:33:34.807101: 10 80 a0 00 00 00 00 00
18:33:34.827764: 10 80 a0 00 00 00 00 00
18:33:34.847442: 10 80 a0 00 00 00 00 00
18:33:34.867932: 10 80 a0 00 00 00 00 00
18:33:34.888425: 10 80 a0 00 00 00 00 00
18:33:34.908866: 10 80 a0 00 00 00 00 00
18:33:34.929021: 10 80 a0 00 00 00 00 00
18:33:34.949222: 10 80 a0 00 00 00 00 00
18:33:34.966225: 10 80 a0 00 00 00 00 00
18:33:34.986789: 10 80 a0 00 00 00 00 00
18:33:35.007196: 10 80 a0 00 00 00 00 00
18:33:35.027659: 10 80 a0 00 00 00 00 00
18:33:35.048238: 10 80 a0 00 00 00 00 00
18:33:35.069328: 10 80 b0 3c 3c 00 00 00
18:33:35.088920: 10 80 b0 3c 3c 00 00 00
18:33:35.109108: 10 80 b0 3c 3c 00 00 00
18:33:35.126737: 10 80 b0 3c 3c 00 00 00
18:33:35.147247: 10 80 b0 3c 3c 00 00 00
18:33:35.166920: 10 80 b0 3c 3c 00 00 00
18:33:35.187379: 10 80 b0 3c 3c 00 00 00
18:33:35.207216: 10 80 b0 3c 3c 00 00 00
18:33:35.228375: 10 80 b0 3c 3c 00 00 00
18:33:35.248841: 10 80 b0 3c 3c 00 00 00
18:33:35.269602: 10 80 b0 3c 3c 00 00 00
18:33:35.289118: 10 80 b0 3c 3c 00 00 00
18:33:35.306244: 10 80 b0 3c 3c 00 00 00
18:33:35.326683: 10 80 b0 3c 3c 00 00 00
18:33:35.347188: 10 80 b0 3c 3c 00 00 00
18:33:35.367706: 10 80 b0 3c 3c 00 00 00
18:33:35.388080: 10 80 b0 3c 3c 00 00 00
18:33:35.408537: 10 80 b0 3c 3c 00 00 00
18:33:35.428930: 10 80 b0 3c 3c 00 00 00
18:33:35.449159: 10 80 b0 3c 3c 00 00 00
18:33:35.465928: 10 80 b0 3c 3c 00 00 00
18:33:35.486374: 10 80 b0 3c 3c 00 00 00
18:33:35.506849: 10 80 b0 3c 3c 00 00 00
18:33:35.527344: 10 80 b0 3c 3c 00 00 00
18:33:35.547810: 10 80 b0 3c 3c 00 00 00
18:33:35.568298: 10 80 b0 3c 3c 00 00 00
18:33:35.588729: 10 80 b0 3c 3c 00 00 00
18:33:35.608942: 10 80 b0 3c 3c 00 00 00
18:33:35.629088: 10 80 b0 3c 3c 00 00 00
18:33:35.646231: 10 80 b0 3c 3c 00 00 00
18:33:35.666666: 10 80 b0 3c 3c 00 00 00
18:33:35.687131: 10 80 b0 3c 3c 00 00 00
18:33:35.707518: 10 80 b0 3c 3c 00 00 00
18:33:35.728140: 10 80 b0 3c 3c 00 00 00
18:33:35.748526: 10 80 b0 3c 3c 00 00 00
18:33:35.768910: 10 80 b0 3c 3c 00 00 00
18:33:35.788999: 10 80 b0 3c 3c 00 00 00
18:33:35.805865: 10 80 b0 3c 3c 00 00 00
18:33:35.826338: 10 80 b0 3c 3c 00 00 00
18:33:35.846769: 10 80 b0 3c 3c 00 00 00
18:33:35.867268: 10 80 b0 3c 3c 00 00 00
18:33:35.887746: 10 80 b0 3c 3c 00 00 00
18:33:35.908240: 10 80 b0 3c 3c 00 00 00
18:33:35.928759: 10 80 b0 3c 3c 00 00 00
18:33:35.948953: 10 80 b0 3c 3c 00 00 00
18:33:35.969045: 10 80 b0 3c 3c 00 00 00
18:33:35.986148: 10 80 b0 3c 3c 00 00 00
18:33:36.006660: 10 80 b0 3c 3c 00 00 00
18:33:36.027033: 10 80 b0 3c 3c 00 00 00
18:33:36.047499: 10 80 b0 3c 3c 00 00 00
18:33:36.067998: 10 80 b0 3c 3c 00 00 00
18:33:36.088606: 10 80 b0 3c 3c 00 00 00
18:33:36.108873: 10 80 b0 3c 3c 00 00 00
18:33:36.128963: 10 80 b0 3c 3c 00 00 00
18:33:36.145905: 10 80 b0 3c 3c 00 00 00
18:33:36.166360: 10 80 b0 3c 3c 00 00 00
18:33:36.186753: 10 80 b0 3c 3c 00 00 00
18:33:36.207229: 10 80 b0 3c 3c 00 00 00
18:33:36.227699: 10 80 b0 3c 3c 00 00 00
18:33:36.248211: 10 80 b0 3c 3c 00 00 00
18:33:36.268757: 10 80 b0 3c 3c 00 00 00
18:33:36.288923: 10 80 b0 3c 3c 00 00 00
18:33:36.309092: 10 80 b0 3c 3c 00 00 00
18:33:36.326137: 10 80 b0 3c 3c 00 00 00
18:33:36.346643: 10 80 b0 3c 3c 00 00 00
18:33:36.367097: 10 80 b0 3c 3c 00 00 00
18:33:36.387453: 10 80 b0 3c 3c 00 00 00
18:33:36.408638: 10 80 b0 3c 3c 00 00 00
18:33:36.428523: 10 80 b0 3c 3c 00 00 00
18:33:36.448799: 10 80 b0 3c 3c 00 00 00
18:33:36.468926: 10 80 b0 3c 3c 00 00 00
18:33:36.485831: 10 80 b0 3c 3c 00 00 00
18:33:36.506229: 10 80 b0 3c 3c 00 00 00
18:33:36.526694: 10 80 b0 3c 3c 00 00 00
18:33:36.547165: 10 80 b0 3c 3c 00 00 00
18:33:36.567680: 10 80 b0 3c 3c 00 00 00
18:33:36.588885: 10 80 b0 3c 3c 00 00 00
18:33:36.608667: 10 80 b0 3c 3c 00 00 00
18:33:36.628874: 10 80 b0 3c 3c 00 00 00
18:33:36.649026: 10 80 b0 3c 3c 00 00 00
18:33:36.666089: 10 80 b0 3c 3c 00 00 00
18:33:36.686527: 10 80 b0 3c 3c 00 00 00
18:33:36.706997: 10 80 b0 3c 3c 00 00 00
18:33:36.727485: 10 80 b0 3c 3c 00 00 00
18:33:36.748036: 10 80 b0 3c 3c 00 00 00
18:33:36.768388: 10 80 b0 3c 3c 00 00 00
18:33:36.788787: 10 80 b0 3c 3c 00 00 00
18:33:36.808917: 10 80 b0 3c 3c 00 00 00
18:33:36.829092: 10 80 b0 3c 3c 00 00 00
18:33:36.846212: 10 80 b0 3c 3c 00 00 00
18:33:36.867427: 10 80 b0 3c 3c 00 00 00
18:33:36.887140: 10 80 b0 3c 3c 00 00 00
18:33:36.907641: 10 80 b0 3c 3c 00 00 00
18:33:36.928220: 10 80 b0 3c 3c 00 00 00
18:33:36.948663: 10 80 b0 3c 3c 00 00 00
18:33:36.968833: 10 80 b0 3c 3c 00 00 00
18:33:36.988991: 10 80 b0 3c 3c 00 00 00
18:33:37.006110: 10 80 b0 3c 3c 00 00 00
18:33:37.026457: 10 80 b0 3c 3c 00 00 00
18:33:37.046935: 10 80 b0 3c 3c 00 00 00
18:33:37.067385: 10 80 b0 3c 3c 00 00 00
18:33:37.088543: 10 80 b0 3c 3c 00 00 00
18:33:37.108341: 10 80 b0 3c 3c 00 00 00
18:33:37.128712: 10 80 b0 3c 3c 00 00 00
18:33:37.148906: 10 80 b0 3c 3c 00 00 00
18:33:37.169005: 10 80 b0 3c 3c 00 00 00
18:33:37.186205: 10 80 b0 3c 3c 00 00 00
18:33:37.206707: 10 80 b0 3c 3c 00 00 00
18:33:37.227129: 10 80 b0 3c 3c 00 00 00
18:33:37.247656: 10 80 b0 3c 3c 00 00 00
18:33:37.268082: 10 80 b0 3c 3c 00 00 00
18:33:37.288559: 10 80 b0 3c 3c 00 00 00
18:33:37.308781: 10 80 b0 3c 3c 00 00 00
18:33:37.328945: 10 80 b0 3c 3c 00 00 00
18:33:37.346044: 10 80 b0 3c 3c 00 00 00
18:33:37.366445: 10 80 b0 3c 3c 00 00 00
18:33:37.386936: 10 80 b0 3c 3c 00 00 00
18:33:37.407334: 10 80 b0 3c 3c 00 00 00
18:33:37.427846: 10 80 b0 3c 3c 00 00 00
18:33:37.448294: 10 80 b0 3c 3c 00 00 00
18:33:37.468687: 10 80 b0 3c 3c 00 00 00
18:33:37.488798: 10 80 b0 3c 3c 00 00 00
18:33:37.508986: 10 80 b0 3c 3c 00 00 00
18:33:37.526208: 10 80 b0 3c 3c 00 00 00
18:33:37.546647: 10 80 b0 3c 3c 00 00 00
18:33:37.567077: 10 80 b0 3c 3c 00 00 00
18:33:37.587564: 10 80 b0 3c 3c 00 00 00
18:33:37.608109: 10 80 b0 3c 3c 00 00 00
18:33:37.628500: 10 80 b0 3c 3c 00 00 00
18:33:37.648828: 10 80 b0 3c 3c 00 00 00
18:33:37.668927: 10 80 b0 3c 3c 00 00 00
18:33:37.685932: 10 80 b0 3c 3c 00 00 00
18:33:37.706392: 10 80 b0 3c 3c 00 00 00
18:33:37.726929: 10 80 b0 3c 3c 00 00 00
18:33:37.747301: 10 80 b0 3c 3c 00 00 00
18:33:37.767754: 10 80 b0 3c 3c 00 00 00
18:33:37.788472: 10 80 b0 3c 3c 00 00 00
18:33:37.808662: 10 80 b0 3c 3c 00 00 00
18:33:37.828817: 10 80 b0 3c 3c 00 00 00
18:33:37.848886: 10 80 b0 3c 3c 00 00 00
18:33:37.866811: 10 80 b0 3c 3c 00 00 00
18:33:37.887328: 10 80 b0 3c 3c 00 00 00
18:33:37.907063: 10 80 b0 3c 3c 00 00 00
18:33:37.927583: 10 80 b0 3c 3c 00 00 00
18:33:37.948051: 10 80 b0 3c 3c 00 00 00
18:33:37.968505: 10 80 b0 3c 3c 00 00 00
18:33:37.988785: 10 80 b0 3c 3c 00 00 00
18:33:38.009053: 10 80 b0 3c 3c 00 00 00
18:33:38.025846: 10 80 b0 3c 3c 00 00 00
18:33:38.046369: 10 80 b0 3c 3c 00 00 00
18:33:38.066784: 10 80 b0 3c 3c 00 00 00
18:33:38.087221: 10 80 b0 3c 3c 00 00 00
18:33:38.107725: 10 80 b0 3c 3c 00 00 00
18:33:38.128252: 10 80 b0 3c 3c 00 00 00
18:33:38.148593: 10 80 b0 3c 3c 00 00 00
18:33:38.168781: 10 80 b0 3c 3c 00 00 00
18:33:38.188936: 10 80 b0 3c 3c 00 00 00
18:33:38.206092: 10 80 b0 3c 3c 00 00 00
18:33:38.226569: 10 80 b0 3c 3c 00 00 00
18:33:38.247008: 10 80 b0 3c 3c 00 00 00
18:33:38.267437: 10 80 b0 3c 3c 00 00 00
18:33:38.288008: 10 80 b0 3c 3c 00 00 00
18:33:38.308388: 10 80 b0 3c 3c 00 00 00
18:33:38.328711: 10 80 b0 3c 3c 00 00 00
18:33:38.348882: 10 80 b0 3c 3c 00 00 00
18:33:38.365827: 10 80 b0 3c 3c 00 00 00
18:33:38.386361: 10 80 b0 3c 3c 00 00 00
18:33:38.406709: 10 80 b0 3c 3c 00 00 00
18:33:38.427973: 10 80 b0 3c 3c 00 00 00
18:33:38.447712: 10 80 b0 3c 3c 00 00 00
18:33:38.468132: 10 80 b0 3c 3c 00 00 00
18:33:38.489375: 10 80 b0 3c 3c 00 00 00
18:33:38.508789: 10 80 b0 3c 3c 00 00 00
18:33:38.528989: 10 80 b0 3c 3c 00 00 00
18:33:38.545967: 10 80 b0 3c 3c 00 00 00
18:33:38.566507: 10 80 b0 3c 3c 00 00 00
18:33:38.586969: 10 80 b0 3c 3c 00 00 00
18:33:38.607452: 10 80 b0 3c 3c 00 00 00
18:33:38.627231: 10 80 b0 3c 3c 00 00 00
18:33:38.648259: 10 80 b0 3c 3c 00 00 00
18:33:38.669324: 10 80 b0 3c 3c 00 00 00
18:33:38.688810: 10 80 b0 3c 3c 00 00 00
18:33:38.705786: 10 80 b0 3c 3c 00 00 00
18:33:38.726186: 10 80 b0 3c 3c 00 00 00
18:33:38.746670: 10 80 b0 3c 3c 00 00 00
18:33:38.767126: 10 80 b0 3c 3c 00 00 00
18:33:38.788381: 10 80 b0 3c 3c 00 00 00
18:33:38.808111: 10 80 b0 3c 3c 00 00 00
18:33:38.829385: 10 80 b0 3c 3c 00 00 00
18:33:38.848726: 10 80 b0 3c 3c 00 00 00
18:33:38.868881: 10 80 b0 3c 3c 00 00 00
18:33:38.886067: 10 80 b0 3c 3c 00 00 00
18:33:38.906517: 10 80 b0 3c 3c 00 00 00
18:33:38.927704: 10 80 b0 3c 3c 00 00 00
18:33:38.947477: 10 80 b0 3c 3c 00 00 00
18:33:38.967861: 10 80 b0 3c 3c 00 00 00
18:33:38.988349: 10 80 b0 3c 3c 00 00 00
18:33:39.008689: 10 80 b0 3c 3c 00 00 00
18:33:39.028738: 10 80 b0 3c 3c 00 00 00
18:33:39.045764: 10 80 b0 3c 3c 00 00 00
18:33:39.066244: 10 80 b0 3c 3c 00 00 00
18:33:39.086615: 10 80 b0 3c 3c 00 00 00
18:33:39.107110: 10 80 b0 3c 3c 00 00 00
18:33:39.127608: 10 80 b0 3c 3c 00 00 00
18:33:39.148048: 10 80 b0 3c 3c 00 00 00
18:33:39.168489: 10 80 b0 3c 3c 00 00 00
18:33:39.188663: 10 80 b0 3c 3c 00 00 00
18:33:39.208800: 10 80 b0 3c 3c 00 00 00
18:33:39.226004: 10 80 b0 3c 3c 00 00 00
18:33:39.246419: 10 80 b0 3c 3c 00 00 00
18:33:39.266893: 10 80 b0 3c 3c 00 00 00
18:33:39.287390: 10 80 b0 3c 3c 00 00 00
18:33:39.307864: 10 80 b0 3c 3c 00 00 00
18:33:39.328375: 10 80 b0 3c 3c 00 00 00
18:33:39.349389: 10 80 b0 3c 3c 00 00 00
18:33:39.368823: 10 80 b0 3c 3c 00 00 00
18:33:39.385695: 10 80 f0 64 64 00 00 00
18:33:39.406109: 10 80 f0 64 64 00 00 00
18:33:39.426560: 10 80 f0 64 64 00 00 00
18:33:39.447059: 10 80 f0 64 64 00 00 00
18:33:39.468144: 10 80 f0 64 64 00 00 00
18:33:39.488015: 10 80 f0 64 64 00 00 00
18:33:39.508450: 10 80 f0 64 64 00 00 00
18:33:39.528688: 10 80 f0 64 64 00 00 00
18:33:39.548769: 10 80 f0 64 64 00 00 00
18:33:39.565894: 10 80 f0 64 64 00 00 00
18:33:39.586416: 10 80 f0 64 64 00 00 00
18:33:39.606879: 10 80 f0 64 64 00 00 00
18:33:39.627255: 10 80 f0 64 64 00 00 00
18:33:39.647763: 10 80 f0 64 64 00 00 00
18:33:39.667544: 10 80 f0 64 64 00 00 00
18:33:39.689266: 10 80 f0 64 64 00 00 00
18:33:39.708780: 10 80 f0 64 64 00 00 00
18:33:39.725689: 10 80 f0 64 64 00 00 00
18:33:39.746140: 10 80 f0 64 64 00 00 00
18:33:39.766581: 10 80 f0 64 64 00 00 00
18:33:39.787020: 10 80 f0 64 64 00 00 00
18:33:39.807468: 10 80 f0 64 64 00 00 00
18:33:39.827990: 10 80 f0 64 64 00 00 00
18:33:39.848437: 10 80 f0 64 64 00 00 00
18:33:39.868681: 10 80 f0 64 64 00 00 00
18:33:39.888826: 10 80 f0 64 64 00 00 00
18:33:39.905826: 10 80 f0 64 64 00 00 00
18:33:39.926386: 10 80 f0 64 64 00 00 00
18:33:39.947040: 10 80 f0 64 64 00 00 00
18:33:39.967239: 10 80 f0 64 64 00 00 00
18:33:39.987779: 10 80 f0 64 64 00 00 00
18:33:40.008180: 10 80 f0 64 64 00 00 00
18:33:40.028558: 10 80 f0 64 64 00 00 00
18:33:40.048251: 10 80 f0 64 64 00 00 00
18:33:40.065336: 10 80 f0 64 64 00 00 00
18:33:40.085558: 10 80 f0 64 64 00 00 00
18:33:40.106261: 10 80 f0 64 64 00 00 00
18:33:40.127715: 10 80 f0 64 64 00 00 00
18:33:40.147454: 10 80 f0 64 64 00 00 00
18:33:40.167936: 10 80 f0 64 64 00 00 00
18:33:40.188104: 10 80 f0 64 64 00 00 00
18:33:40.208450: 10 80 f0 64 64 00 00 00
18:33:40.228594: 10 80 f0 64 64 00 00 00
18:33:40.245344: 10 80 f0 64 64 00 00 00
18:33:40.266073: 10 80 f0 64 64 00 00 00
18:33:40.286530: 10 80 f0 64 64 00 00 00
18:33:40.307258: 10 80 f0 64 64 00 00 00
18:33:40.327683: 10 80 f0 64 64 00 00 00
18:33:40.348191: 10 80 f0 64 64 00 00 00
18:33:40.368260: 10 80 f0 64 64 00 00 00
18:33:40.389340: 10 80 f0 64 64 00 00 00
18:33:40.405488: 10 80 f0 64 64 00 00 00
18:33:40.426036: 10 80 f0 64 64 00 00 00
18:33:40.446439: 10 80 f0 64 64 00 00 00
18:33:40.466949: 10 80 f0 64 64 00 00 00
18:33:40.486671: 10 80 f0 64 64 00 00 00
18:33:40.507718: 10 80 f0 64 64 00 00 00
18:33:40.529088: 10 80 f0 64 64 00 00 00
18:33:40.548631: 10 80 f0 64 64 00 00 00
18:33:40.568887: 10 80 f0 64 64 00 00 00
18:33:40.586142: 10 80 f0 64 64 00 00 00
18:33:40.605489: 10 80 f0 64 64 00 00 00
18:33:40.627414: 10 80 f0 64 64 00 00 00
18:33:40.647213: 10 80 f0 64 64 00 00 00
18:33:40.667654: 10 80 f0 64 64 00 00 00
18:33:40.688081: 10 80 f0 64 64 00 00 00
18:33:40.708540: 10 80 f0 64 64 00 00 00
18:33:40.728181: 10 80 f0 64 64 00 00 00
18:33:40.745250: 10 80 f0 64 64 00 00 00
18:33:40.766205: 10 80 f0 64 64 00 00 00
18:33:40.787076: 10 80 f0 64 64 00 00 00
18:33:40.806921: 10 80 f0 64 64 00 00 00
18:33:40.827298: 10 80 f0 64 64 00 00 00
18:33:40.847983: 10 80 f0 64 64 00 00 00
18:33:40.868282: 10 80 f0 64 64 00 00 00
18:33:40.888494: 10 80 f0 64 64 00 00 00
18:33:40.908631: 10 80 f0 64 64 00 00 00
18:33:40.925706: 10 80 f0 64 64 00 00 00
18:33:40.946177: 10 80 f0 64 64 00 00 00
18:33:40.966693: 10 80 f0 64 64 00 00 00
18:33:40.987199: 10 80 f0 64 64 00 00 00
18:33:41.007648: 10 80 f0 64 64 00 00 00
18:33:41.028055: 10 80 f0 64 64 00 00 00
18:33:41.048419: 10 80 f0 64 64 00 00 00
18:33:41.069342: 10 80 f0 64 64 00 00 00
18:33:41.088733: 10 80 f0 64 64 00 00 00
18:33:41.105927: 10 80 f0 64 64 00 00 00
18:33:41.126359: 10 80 f0 64 64 00 00 00
18:33:41.146859: 10 80 f0 64 64 00 00 00
18:33:41.167367: 10 80 f0 64 64 00 00 00
18:33:41.187857: 10 80 f0 64 64 00 00 00
18:33:41.208471: 10 80 f0 64 64 00 00 00
18:33:41.228466: 10 80 f0 64 64 00 00 00
18:33:41.248668: 10 80 f0 64 64 00 00 00
18:33:41.265666: 10 80 f0 64 64 00 00 00
18:33:41.286136: 10 80 f0 64 64 00 00 00
18:33:41.306630: 10 80 f0 64 64 00 00 00
18:33:41.327104: 10 80 f0 64 64 00 00 00
18:33:41.347570: 10 80 f0 64 64 00 00 00
18:33:41.368057: 10 80 f0 64 64 00 00 00
18:33:41.388360: 10 80 f0 64 64 00 00 00
18:33:41.408572: 10 80 f0 64 64 00 00 00
18:33:41.428764: 10 80 f0 64 64 00 00 00
18:33:41.445865: 10 80 f0 64 64 00 00 00
18:33:41.467727: 10 80 f0 64 64 00 00 00
18:33:41.486867: 10 80 f0 64 64 00 00 00
18:33:41.507330: 10 80 f0 64 64 00 00 00
18:33:41.527850: 10 80 f0 64 64 00 00 00
18:33:41.548285: 10 80 f0 64 64 00 00 00
18:33:41.569035: 10 80 f0 64 64 00 00 00
18:33:41.588721: 10 80 f0 64 64 00 00 00
18:33:41.605614: 10 80 f0 64 64 00 00 00
18:33:41.626121: 10 80 f0 64 64 00 00 00
18:33:41.646614: 10 80 f0 64 64 00 00 00
18:33:41.667833: 10 80 f0 64 64 00 00 00
18:33:41.687531: 10 80 f0 64 64 00 00 00
18:33:41.708026: 10 80 f0 64 64 00 00 00
18:33:41.728307: 10 80 f0 64 64 00 00 00
18:33:41.748523: 10 80 f0 64 64 00 00 00
18:33:41.768624: 10 80 f0 64 64 00 00 00
18:33:41.785808: 10 80 f0 64 64 00 00 00
18:33:41.806305: 10 80 f0 64 64 00 00 00
18:33:41.826789: 10 80 f0 64 64 00 00 00
18:33:41.847350: 10 80 f0 64 64 00 00 00
18:33:41.867803: 10 80 f0 64 64 00 00 00
18:33:41.888232: 10 80 f0 64 64 00 00 00
18:33:41.909131: 10 80 f0 64 64 00 00 00
18:33:41.928607: 10 80 f0 64 64 00 00 00
18:33:41.945558: 10 80 f0 64 64 00 00 00
18:33:41.966053: 10 80 f0 64 64 00 00 00
18:33:41.986522: 10 80 f0 64 64 00 00 00
18:33:42.006994: 10 80 f0 64 64 00 00 00
18:33:42.027479: 10 80 f0 64 64 00 00 00
18:33:42.048006: 10 80 f0 64 64 00 00 00
18:33:42.068455: 10 80 f0 64 64 00 00 00
18:33:42.088575: 10 80 f0 64 64 00 00 00
18:33:42.108607: 10 80 f0 64 64 00 00 00
18:33:42.125780: 10 80 f0 64 64 00 00 00
18:33:42.146235: 10 80 f0 64 64 00 00 00
18:33:42.166723: 10 80 f0 64 64 00 00 00
18:33:42.187256: 10 80 f0 64 64 00 00 00
18:33:42.207756: 10 80 f0 64 64 00 00 00
18:33:42.228142: 10 80 f0 64 64 00 00 00
18:33:42.248368: 10 80 f0 64 64 00 00 00
18:33:42.268580: 10 80 f0 64 64 00 00 00
18:33:42.286157: 10 80 f0 64 64 00 00 00
18:33:42.306656: 10 80 f0 64 64 00 00 00
18:33:42.326485: 10 80 f0 64 64 00 00 00
18:33:42.347057: 10 80 f0 64 64 00 00 00
18:33:42.367456: 10 80 f0 64 64 00 00 00
18:33:42.387952: 10 80 f0 64 64 00 00 00
18:33:42.408299: 10 80 f0 64 64 00 00 00
18:33:42.428445: 10 80 f0 64 64 00 00 00
18:33:42.448633: 10 80 f0 64 64 00 00 00
18:33:42.465753: 10 80 f0 64 64 00 00 00
18:33:42.487612: 10 80 f0 64 64 00 00 00
18:33:42.506624: 10 80 f0 64 64 00 00 00
18:33:42.527146: 10 80 f0 64 64 00 00 00
18:33:42.547664: 10 80 f0 64 64 00 00 00
18:33:42.568149: 10 80 f0 64 64 00 00 00
18:33:42.588955: 10 80 f0 64 64 00 00 00
18:33:42.608483: 10 80 f0 64 64 00 00 00
18:33:42.625532: 10 80 f0 64 64 00 00 00
18:33:42.645953: 10 80 f0 64 64 00 00 00
18:33:42.666407: 10 80 f0 64 64 00 00 00
18:33:42.686967: 10 80 f0 64 64 00 00 00
18:33:42.707340: 10 80 f0 64 64 00 00 00
18:33:42.727853: 10 80 f0 64 64 00 00 00
18:33:42.748299: 10 80 f0 64 64 00 00 00
18:33:42.768451: 10 80 f0 64 64 00 00 00
18:33:42.788561: 10 80 f0 64 64 00 00 00
18:33:42.805691: 10 80 f0 64 64 00 00 00
18:33:42.826221: 10 80 f0 64 64 00 00 00
18:33:42.846707: 10 80 f0 64 64 00 00 00
18:33:42.867162: 10 80 f0 64 64 00 00 00
18:33:42.887560: 10 80 f0 64 64 00 00 00
18:33:42.908140: 10 80 f0 64 64 00 00 00
18:33:42.928420: 10 80 f0 64 64 00 00 00
18:33:42.948535: 10 80 f0 64 64 00 00 00
18:33:42.965465: 10 80 f0 64 64 00 00 00
18:33:42.985973: 10 80 f0 64 64 00 00 00
18:33:43.006313: 10 80 f0 64 64 00 00 00
18:33:43.027287: 10 80 f0 64 64 00 00 00
18:33:43.047379: 10 80 f0 64 64 00 00 00
18:33:43.067787: 10 80 f0 64 64 00 00 00
18:33:43.088251: 10 80 f0 64 64 00 00 00
18:33:43.108424: 10 80 f0 64 64 00 00 00
18:33:43.128674: 10 80 f0 64 64 00 00 00
18:33:43.145618: 10 80 f0 64 64 00 00 00
18:33:43.166109: 10 80 f0 64 64 00 00 00
18:33:43.186668: 10 80 f0 64 64 00 00 00
18:33:43.207058: 10 80 f0 64 64 00 00 00
18:33:43.227586: 10 80 f0 64 64 00 00 00
18:33:43.247977: 10 80 f0 64 64 00 00 00
18:33:43.268391: 10 80 f0 64 64 00 00 00
18:33:43.288595: 10 80 f0 64 64 00 00 00
18:33:43.305406: 10 80 f0 64 64 00 00 00
18:33:43.325922: 10 80 f0 64 64 00 00 00
18:33:43.346346: 10 80 f0 64 64 00 00 00
18:33:43.366881: 10 80 f0 64 64 00 00 00
18:33:43.387332: 10 80 f0 64 64 00 00 00
18:33:43.407809: 10 80 f0 64 64 00 00 00
18:33:43.428215: 10 80 f0 64 64 00 00 00
18:33:43.448374: 10 80 f0 64 64 00 00 00
18:33:43.468506: 10 80 f0 64 64 00 00 00
18:33:43.485603: 10 80 f0 64 64 00 00 00
18:33:43.506100: 10 80 f0 64 64 00 00 00
18:33:43.526513: 10 80 f0 64 64 00 00 00
18:33:43.546966: 10 80 f0 64 64 00 00 00
18:33:43.567530: 10 80 f0 64 64 00 00 00
18:33:43.587941: 10 80 f0 64 64 00 00 00
18:33:43.608312: 10 80 f0 64 64 00 00 00
18:33:43.628517: 10 80 f0 64 64 00 00 00
18:33:43.645285: 10 80 f0 64 64 00 00 00
18:33:43.665868: 10 80 f0 64 64 00 00 00
18:33:43.687045: 10 80 f0 64 64 00 00 00
18:33:43.706820: 10 80 f0 64 64 00 00 00
18:33:43.727883: 10 80 f0 64 64 00 00 00
18:33:43.747679: 10 80 f0 64 64 00 00 00
18:33:43.768249: 10 80 f0 64 64 00 00 00
18:33:43.788410: 10 80 f0 64 64 00 00 00
18:33:43.808546: 10 80 f0 64 64 00 00 00
18:33:43.826223: 10 80 f0 64 64 00 00 00
18:33:43.846094: 10 80 f0 64 64 00 00 00
18:33:43.866592: 10 80 f0 64 64 00 00 00
18:33:43.887005: 10 80 f0 64 64 00 00 00
18:33:43.907415: 10 80 f0 64 64 00 00 00
18:33:43.927963: 10 80 f0 64 64 00 00 00
18:33:43.948220: 10 80 f0 64 64 00 00 00
18:33:43.968436: 10 80 f0 64 64 00 00 00
18:33:43.985350: 10 80 f0 64 64 00 00 00
18:33:44.005789: 10 80 f0 64 64 00 00 00
18:33:44.026365: 10 80 f0 64 64 00 00 00
18:33:44.046671: 10 80 f0 64 64 00 00 00
18:33:44.067158: 10 80 f0 64 64 00 00 00
18:33:44.087643: 10 80 f0 64 64 00 00 00
18:33:44.108146: 10 80 f0 64 64 00 00 00
18:33:44.128304: 10 80 f0 64 64 00 00 00
18:33:44.148514: 10 80 f0 64 64 00 00 00
18:33:44.166168: 10 80 f0 64 64 00 00 00
18:33:44.186038: 10 80 f0 64 64 00 00 00
18:33:44.206534: 10 80 f0 64 64 00 00 00
18:33:44.226958: 10 80 f0 64 64 00 00 00
18:33:44.247395: 10 80 f0 64 64 00 00 00
18:33:44.268693: 10 80 f0 64 64 00 00 00
18:33:44.288272: 10 80 f0 64 64 00 00 00
18:33:44.308419: 10 80 f0 64 64 00 00 00
18:33:44.325306: 10 80 f0 64 64 00 00 00
18:33:44.345676: 10 80 f0 64 64 00 00 00
18:33:44.366150: 10 80 f0 64 64 00 00 00
18:33:44.386638: 10 80 f0 64 64 00 00 00
18:33:44.407092: 10 80 f0 64 64 00 00 00
18:33:44.427681: 10 80 f0 64 64 00 00 00
18:33:44.448085: 10 80 f0 64 64 00 00 00
18:33:44.468298: 10 80 f0 64 64 00 00 00
18:33:44.488462: 10 80 f0 64 64 00 00 00
18:33:44.505530: 10 80 f0 64 64 00 00 00
18:33:44.526020: 10 80 f0 64 64 00 00 00
18:33:44.546438: 10 80 f0 64 64 00 00 00
18:33:44.567503: 10 80 f0 64 64 00 00 00
18:33:44.587407: 10 80 f0 64 64 00 00 00
18:33:44.607873: 10 80 f0 64 64 00 00 00
18:33:44.628270: 10 80 f0 64 64 00 00 00
18:33:44.648357: 10 80 f0 64 64 00 00 00
18:33:44.668531: 10 80 f0 64 64 00 00 00
18:33:44.686411: 10 80 f0 64 64 00 00 00
18:33:44.706216: 10 80 f0 64 64 00 00 00
18:33:44.726645: 10 80 f0 64 64 00 00 00
18:33:44.747057: 10 80 f0 64 64 00 00 00
18:33:44.768204: 10 80 f0 64 64 00 00 00
18:33:44.788039: 10 80 f0 64 64 00 00 00
18:33:44.808227: 10 80 f0 64 64 00 00 00
18:33:44.828459: 10 80 f0 64 64 00 00 00
18:33:44.845442: 10 80 f0 64 64 00 00 00
18:33:44.865948: 10 80 f0 64 64 00 00 00
18:33:44.886336: 10 80 f0 64 64 00 00 00
18:33:44.906824: 10 80 f0 64 64 00 00 00
18:33:44.927940: 10 80 f0 64 64 00 00 00
18:33:44.947763: 10 80 f0 64 64 00 00 00
18:33:44.968198: 10 80 f0 64 64 00 00 00
18:33:44.988331: 10 80 f0 64 64 00 00 00
18:33:45.008449: 10 80 f0 64 64 00 00 00
18:33:45.025636: 10 80 f0 64 64 00 00 00
18:33:45.046126: 10 80 f0 64 64 00 00 00
18:33:45.066625: 10 80 f0 64 64 00 00 00
18:33:45.087037: 10 80 f0 64 64 00 00 00
18:33:45.107583: 10 80 f0 64 64 00 00 00
18:33:45.128024: 10 80 f0 64 64 00 00 00
18:33:45.151158: 10 80 f0 64 64 00 00 00
18:33:45.168473: 10 80 f0 64 64 00 00 00
18:33:45.185404: 10 80 f0 64 64 00 00 00
18:33:45.205893: 10 80 f0 64 64 00 00 00
18:33:45.226335: 10 80 f0 64 64 00 00 00
18:33:45.246870: 10 80 f0 64 64 00 00 00
18:33:45.267247: 10 80 f0 64 64 00 00 00
18:33:45.288186: 10 80 f0 64 64 00 00 00
18:33:45.307840: 10 80 f0 64 64 00 00 00
18:33:45.328942: 10 80 f0 64 64 00 00 00
18:33:45.348388: 10 80 f0 64 64 00 00 00
18:33:45.365561: 10 80 f0 64 64 00 00 00
18:33:45.386041: 10 80 f0 64 64 00 00 00
18:33:45.407099: 10 80 f0 64 64 00 00 00
18:33:45.427087: 10 80 f0 64 64 00 00 00
18:33:45.447519: 10 80 f0 64 64 00 00 00
18:33:45.468764: 10 80 f0 64 64 00 00 00
18:33:45.488154: 10 80 f0 64 64 00 00 00
18:33:45.508421: 10 80 f0 64 64 00 00 00
18:33:45.525378: 10 80 f0 64 64 00 00 00
18:33:45.545770: 10 80 f0 64 64 00 00 00
18:33:45.566233: 10 80 f0 64 64 00 00 00
18:33:45.586772: 10 80 f0 64 64 00 00 00
18:33:45.607209: 10 80 f0 64 64 00 00 00
18:33:45.627701: 10 80 f0 64 64 00 00 00
18:33:45.648550: 10 80 f0 64 64 00 00 00
18:33:45.668266: 10 80 f0 64 64 00 00 00
18:33:45.688552: 10 80 f0 64 64 00 00 00
18:33:45.705551: 10 80 f0 64 64 00 00 00
18:33:45.725966: 10 80 f0 64 64 00 00 00
18:33:45.746447: 10 80 f0 64 64 00 00 00
18:33:45.766935: 10 80 f0 64 64 00 00 00
18:33:45.787501: 10 80 f0 64 64 00 00 00
18:33:45.807941: 10 80 f0 64 64 00 00 00
18:33:45.828218: 10 80 f0 64 64 00 00 00
18:33:45.848350: 10 80 f0 64 64 00 00 00
18:33:45.865345: 10 80 f0 64 64 00 00 00
18:33:45.885858: 10 80 f0 64 64 00 00 00
18:33:45.906188: 10 80 f0 64 64 00 00 00
18:33:45.926702: 10 80 f0 64 64 00 00 00
18:33:45.947142: 10 80 f0 64 64 00 00 00
18:33:45.967646: 10 80 f0 64 64 00 00 00
18:33:45.988129: 10 80 f0 64 64 00 00 00
18:33:46.008239: 10 80 f0 64 64 00 00 00
18:33:46.028378: 10 80 f0 64 64 00 00 00
18:33:46.045539: 10 80 f0 64 64 00 00 00
18:33:46.066011: 10 80 f0 64 64 00 00 00
18:33:46.086444: 10 80 f0 64 64 00 00 00
18:33:46.106978: 10 80 f0 64 64 00 00 00
18:33:46.127376: 10 80 f0 64 64 00 00 00
18:33:46.147859: 10 80 f0 64 64 00 00 00
18:33:46.168079: 10 80 f0 64 64 00 00 00
18:33:46.188379: 10 80 f0 64 64 00 00 00
18:33:46.205230: 10 80 f0 64 64 00 00 00
18:33:46.225783: 10 80 f0 64 64 00 00 00
18:33:46.246257: 10 80 f0 64 64 00 00 00
18:33:46.266681: 10 80 f0 64 64 00 00 00
18:33:46.287167: 10 80 f0 64 64 00 00 00
18:33:46.307657: 10 80 f0 64 64 00 00 00
18:33:46.328123: 10 80 f0 64 64 00 00 00
18:33:46.348227: 10 80 f0 64 64 00 00 00
18:33:46.368370: 10 80 f0 64 64 00 00 00
18:33:46.386212: 10 80 f0 64 64 00 00 00
18:33:46.405939: 10 80 f0 64 64 00 00 00
18:33:46.426381: 10 80 f0 64 64 00 00 00
18:33:46.446863: 10 80 f0 64 64 00 00 00
18:33:46.467320: 10 80 f0 64 64 00 00 00
18:33:46.487865: 10 80 f0 64 64 00 00 00
18:33:46.508101: 10 80 f0 64 64 00 00 00
18:33:46.528260: 10 80 f0 64 64 00 00 00
18:33:46.545244: 10 80 f0 64 64 00 00 00
18:33:46.565704: 10 80 f0 64 64 00 00 00
18:33:46.586221: 10 80 f0 64 64 00 00 00
18:33:46.606710: 10 80 f0 64 64 00 00 00
18:33:46.627083: 10 80 f0 64 64 00 00 00
18:33:46.647612: 10 80 f0 64 64 00 00 00
18:33:46.668048: 10 80 f0 64 64 00 00 00
18:33:46.688181: 10 80 f0 64 64 00 00 00
18:33:46.708365: 10 80 f0 64 64 00 00 00
18:33:46.726095: 10 80 f0 64 64 00 00 00
18:33:46.745874: 10 80 f0 64 64 00 00 00
18:33:46.766319: 10 80 f0 64 64 00 00 00
18:33:46.787605: 10 80 f0 64 64 00 00 00
18:33:46.807313: 10 80 f0 64 64 00 00 00
18:33:46.827751: 10 80 f0 64 64 00 00 00
18:33:46.848098: 10 80 f0 64 64 00 00 00
18:33:46.868319: 10 80 f0 64 64 00 00 00
18:33:46.885144: 10 80 f0 64 64 00 00 00
18:33:46.905663: 10 80 f0 64 64 00 00 00
18:33:46.926160: 10 80 f0 64 64 00 00 00
18:33:46.946563: 10 80 f0 64 64 00 00 00
18:33:46.967019: 10 80 f0 64 64 00 00 00
18:33:46.987574: 10 80 f0 64 64 00 00 00
18:33:47.008056: 10 80 f0 64 64 00 00 00
18:33:47.028150: 10 80 f0 64 64 00 00 00
18:33:47.048316: 10 80 f0 64 64 00 00 00
18:33:47.065408: 10 80 f0 64 64 00 00 00
18:33:47.086579: 10 80 f0 64 64 00 00 00
18:33:47.106261: 10 80 f0 64 64 00 00 00
18:33:47.126766: 10 80 f0 64 64 00 00 00
18:33:47.147255: 10 80 f0 64 64 00 00 00
18:33:47.167697: 10 80 f0 64 64 00 00 00
18:33:47.188086: 10 80 f0 64 64 00 00 00
18:33:47.208227: 10 80 f0 64 64 00 00 00
18:33:47.225213: 10 80 f0 64 64 00 00 00
18:33:47.245631: 10 80 f0 64 64 00 00 00
18:33:47.266142: 10 80 f0 64 64 00 00 00
18:33:47.286489: 10 80 f0 64 64 00 00 00
18:33:47.307002: 10 80 f0 64 64 00 00 00
18:33:47.327532: 10 80 f0 64 64 00 00 00
18:33:47.347930: 10 80 f0 64 64 00 00 00
18:33:47.368118: 10 80 f0 64 64 00 00 00
18:33:47.388283: 10 80 f0 64 64 00 00 00
18:33:47.406674: 10 80 f0 64 64 00 00 00
18:33:47.425824: 10 80 f0 64 64 00 00 00
18:33:47.446363: 10 80 f0 64 64 00 00 00
18:33:47.466805: 10 80 f0 64 64 00 00 00
18:33:47.487171: 10 80 f0 64 64 00 00 00
18:33:47.507724: 10 80 f0 64 64 00 00 00
18:33:47.528035: 10 80 f0 64 64 00 00 00
18:33:47.548137: 10 80 f0 64 64 00 00 00
18:33:47.565108: 10 80 f0 64 64 00 00 00
18:33:47.585627: 10 80 f0 64 64 00 00 00
18:33:47.606025: 10 80 f0 64 64 00 00 00
18:33:47.626501: 10 80 f0 64 64 00 00 00
18:33:47.646913: 10 80 f0 64 64 00 00 00
18:33:47.667379: 10 80 f0 64 64 00 00 00
18:33:47.687938: 10 80 f0 64 64 00 00 00
18:33:47.708564: 10 80 f0 64 64 00 00 00
18:33:47.729016: 10 80 f0 64 64 00 00 00
18:33:47.745252: 10 80 f0 64 64 00 00 00
18:33:47.765781: 10 80 f0 64 64 00 00 00
18:33:47.786309: 10 80 f0 64 64 00 00 00
18:33:47.806706: 10 80 f0 64 64 00 00 00
18:33:47.827166: 10 80 f0 64 64 00 00 00
18:33:47.847643: 10 80 f0 64 64 00 00 00
18:33:47.867956: 10 80 f0 64 64 00 00 00
18:33:47.888126: 10 80 f0 64 64 00 00 00
18:33:47.905051: 10 80 f0 64 64 00 00 00
18:33:47.925552: 10 80 f0 64 64 00 00 00
18:33:47.946020: 10 80 f0 64 64 00 00 00
18:33:47.966410: 10 80 f0 64 64 00 00 00
18:33:47.986876: 10 80 f0 64 64 00 00 00
18:33:48.007386: 10 80 f0 64 64 00 00 00
18:33:48.027989: 10 80 f0 64 64 00 00 00
18:33:48.048024: 10 80 f0 64 64 00 00 00
18:33:48.068215: 10 80 f0 64 64 00 00 00
18:33:48.085281: 10 80 f0 64 64 00 00 00
18:33:48.105759: 10 80 f0 64 64 00 00 00
18:33:48.126208: 10 80 f0 64 64 00 00 00
18:33:48.146638: 10 80 f0 64 64 00 00 00
18:33:48.167105: 10 80 f0 64 64 00 00 00
18:33:48.187597: 10 80 f0 64 64 00 00 00
18:33:48.208021: 10 80 f0 64 64 00 00 00
18:33:48.228133: 10 80 f0 64 64 00 00 00
18:33:48.248373: 10 80 f0 64 64 00 00 00
18:33:48.265431: 10 80 f0 64 64 00 00 00
18:33:48.285995: 10 80 f0 64 64 00 00 00
18:33:48.306350: 10 80 f0 64 64 00 00 00
18:33:48.326828: 10 80 f0 64 64 00 00 00
18:33:48.347303: 10 80 f0 64 64 00 00 00
18:33:48.367819: 10 80 f0 64 64 00 00 00
18:33:48.388427: 10 80 f0 64 64 00 00 00
18:33:48.408782: 10 80 f0 64 64 00 00 00
18:33:48.426598: 10 80 f0 64 64 00 00 00
18:33:48.445695: 10 80 f0 64 64 00 00 00
18:33:48.466119: 10 80 f0 64 64 00 00 00
18:33:48.486662: 10 80 f0 64 64 00 00 00
18:33:48.507135: 10 80 f0 64 64 00 00 00
18:33:48.528163: 10 80 f0 64 64 00 00 00
18:33:48.547909: 10 80 f0 64 64 00 00 00
18:33:48.568113: 10 80 f0 64 64 00 00 00
18:33:48.588226: 10 80 f0 64 64 00 00 00
18:33:48.605418: 10 80 f0 64 64 00 00 00
18:33:48.625974: 10 80 f0 64 64 00 00 00
18:33:48.646370: 10 80 f0 64 64 00 00 00
18:33:48.666832: 10 80 f0 64 64 00 00 00
18:33:48.687256: 10 80 f0 64 64 00 00 00
18:33:48.707830: 10 80 f0 64 64 00 00 00
18:33:48.727996: 10 80 f0 64 64 00 00 00
18:33:48.748138: 10 80 f0 64 64 00 00 00
18:33:48.765129: 10 80 f0 64 64 00 00 00
18:33:48.785685: 10 80 f0 64 64 00 00 00
18:33:48.806063: 10 80 f0 64 64 00 00 00
18:33:48.826653: 10 80 f0 64 64 00 00 00
18:33:48.847036: 10 80 f0 64 64 00 00 00
18:33:48.867537: 10 80 f0 64 64 00 00 00
18:33:48.887965: 10 80 f0 64 64 00 00 00
18:33:48.908089: 10 80 f0 64 64 00 00 00
18:33:48.928257: 10 80 f0 64 64 00 00 00
18:33:48.945362: 10 80 f0 64 64 00 00 00
18:33:48.965891: 10 80 f0 64 64 00 00 00
18:33:48.986352: 10 80 f0 64 64 00 00 00
18:33:49.006806: 10 80 f0 64 64 00 00 00
18:33:49.027248: 10 80 f0 64 64 00 00 00
18:33:49.047708: 10 80 f0 64 64 00 00 00
18:33:49.068009: 10 80 f0 64 64 00 00 00
18:33:49.088149: 10 80 f0 64 64 00 00 00
18:33:49.105199: 10 80 f0 64 64 00 00 00
18:33:49.125539: 10 80 f0 64 64 00 00 00
18:33:49.146154: 10 80 f0 64 64 00 00 00
18:33:49.166471: 10 80 f0 64 64 00 00 00
18:33:49.187061: 10 80 f0 64 64 00 00 00
18:33:49.207491: 10 80 f0 64 64 00 00 00
18:33:49.227869: 10 80 f0 64 64 00 00 00
18:33:49.248002: 10 80 f0 64 64 00 00 00
18:33:49.268226: 10 80 f0 64 64 00 00 00
18:33:49.285322: 10 80 f0 64 64 00 00 00
18:33:49.305757: 10 80 f0 64 64 00 00 00
18:33:49.326314: 10 80 f0 64 64 00 00 00
18:33:49.346766: 10 80 f0 64 64 00 00 00
18:33:49.367675: 10 80 f0 64 64 00 00 00
18:33:49.387665: 10 80 f0 64 64 00 00 00
18:33:49.409735: 10 80 f0 64 64 00 00 00
18:33:49.428087: 10 80 f0 64 64 00 00 00
18:33:49.444998: 10 80 f0 64 64 00 00 00
18:33:49.465490: 10 80 f0 64 64 00 00 00
18:33:49.486399: 10 80 f0 64 64 00 00 00
18:33:49.506428: 10 80 f0 64 64 00 00 00
18:33:49.526991: 10 80 f0 64 64 00 00 00
18:33:49.547508: 10 80 f0 64 64 00 00 00
18:33:49.568040: 10 80 f0 64 64 00 00 00
18:33:49.587938: 10 80 f0 64 64 00 00 00
18:33:49.608322: 10 80 f0 64 64 00 00 00
18:33:49.625258: 10 80 f0 64 64 00 00 00
18:33:49.645773: 10 80 f0 64 64 00 00 00
18:33:49.666209: 10 80 f0 64 64 00 00 00
18:33:49.686729: 10 80 f0 64 64 00 00 00
18:33:49.707191: 10 80 f0 64 64 00 00 00
18:33:49.727643: 10 80 f0 64 64 00 00 00
18:33:49.747865: 10 80 f0 64 64 00 00 00
18:33:49.768748: 10 80 f0 64 64 00 00 00
18:33:49.785095: 10 80 f0 64 64 00 00 00
18:33:49.806029: 10 80 f0 64 64 00 00 00
18:33:49.826034: 10 80 f0 64 64 00 00 00
18:33:49.846477: 10 80 f0 64 64 00 00 00
18:33:49.866942: 10 80 f0 64 64 00 00 00
18:33:49.887360: 10 80 f0 64 64 00 00 00
18:33:49.907974: 10 80 f0 64 64 00 00 00
18:33:49.927951: 10 80 f0 64 64 00 00 00
18:33:49.948090: 10 80 f0 64 64 00 00 00
18:33:49.966525: 10 80 f0 64 64 00 00 00
18:33:49.985687: 10 80 f0 64 64 00 00 00
18:33:50.006161: 10 80 f0 64 64 00 00 00
18:33:50.026691: 10 80 f0 64 64 00 00 00
18:33:50.047151: 10 80 f0 64 64 00 00 00
18:33:50.067704: 10 80 f0 64 64 00 00 00
18:33:50.087871: 10 80 f0 64 64 00 00 00
18:33:50.107998: 10 80 f0 64 64 00 00 00
18:33:50.124958: 10 80 f0 64 64 00 00 00
18:33:50.145433: 10 80 f0 64 64 00 00 00
18:33:50.166291: 10 80 f0 64 64 00 00 00
18:33:50.186446: 10 80 f0 64 64 00 00 00
18:33:50.206881: 10 80 f0 64 64 00 00 00
18:33:50.227418: 10 80 f0 64 64 00 00 00
18:33:50.247816: 10 80 f0 64 64 00 00 00
18:33:50.267976: 10 80 f0 64 64 00 00 00
18:33:50.288045: 10 80 f0 64 64 00 00 00
18:33:50.305127: 10 80 f0 64 64 00 00 00
18:33:50.325647: 10 80 f0 64 64 00 00 00
18:33:50.346128: 10 80 f0 64 64 00 00 00
18:33:50.366670: 10 80 f0 64 64 00 00 00
18:33:50.387153: 10 80 f0 64 64 00 00 00
18:33:50.407616: 10 80 f0 64 64 00 00 00
18:33:50.427836: 10 80 f0 64 64 00 00 00
18:33:50.448082: 10 80 f0 64 64 00 00 00
18:33:50.464923: 10 80 f0 64 64 00 00 00
18:33:50.485429: 10 80 f0 64 64 00 00 00
18:33:50.505916: 10 80 f0 64 64 00 00 00
18:33:50.526422: 10 80 f0 64 64 00 00 00
18:33:50.546916: 10 80 f0 64 64 00 00 00
18:33:50.567369: 10 80 f0 64 64 00 00 00
18:33:50.587818: 10 80 f0 64 64 00 00 00
18:33:50.608014: 10 80 f0 64 64 00 00 00
18:33:50.628066: 10 80 f0 64 64 00 00 00
18:33:50.645089: 10 80 f0 64 64 00 00 00
18:33:50.665592: 10 80 f0 64 64 00 00 00
18:33:50.686119: 10 80 f0 64 64 00 00 00
18:33:50.707713: 10 80 f0 64 64 00 00 00
18:33:50.727115: 10 80 f0 64 64 00 00 00
18:33:50.747606: 10 80 f0 64 64 00 00 00
18:33:50.767835: 10 80 f0 64 64 00 00 00
18:33:50.787994: 10 80 f0 64 64 00 00 00
18:33:50.804939: 10 80 f0 64 64 00 00 00
18:33:50.825429: 10 80 f0 64 64 00 00 00
18:33:50.845842: 10 80 f0 64 64 00 00 00
18:33:50.866301: 10 80 f0 64 64 00 00 00
18:33:50.889313: 10 80 f0 64 64 00 00 00
18:33:50.907644: 10 80 f0 64 64 00 00 00
18:33:50.927757: 10 80 f0 64 64 00 00 00
18:33:50.947821: 10 80 f0 64 64 00 00 00
18:33:50.968054: 10 80 f0 64 64 00 00 00
18:33:50.985115: 10 80 f0 64 64 00 00 00
18:33:51.005536: 10 80 f0 64 64 00 00 00
18:33:51.026056: 10 80 f0 64 64 00 00 00
18:33:51.046482: 10 80 f0 64 64 00 00 00
18:33:51.067716: 10 80 f0 64 64 00 00 00
18:33:51.087529: 10 80 f0 64 64 00 00 00
18:33:51.107724: 10 80 f0 64 64 00 00 00
18:33:51.128677: 10 80 f0 64 64 00 00 00
18:33:51.144839: 10 80 f0 64 64 00 00 00
18:33:51.165022: 10 80 f0 64 64 00 00 00
18:33:51.185828: 10 80 f0 64 64 00 00 00
18:33:51.206236: 10 80 f0 64 64 00 00 00
18:33:51.226760: 10 80 f0 64 64 00 00 00
18:33:51.247259: 10 80 f0 64 64 00 00 00
18:33:51.267708: 10 80 f0 64 64 00 00 00
18:33:51.287873: 10 80 f0 64 64 00 00 00
18:33:51.308029: 10 80 f0 64 64 00 00 00
18:33:51.325029: 10 80 f0 64 64 00 00 00
18:33:51.345515: 10 80 f0 64 64 00 00 00
18:33:51.366023: 10 80 f0 64 64 00 00 00
18:33:51.388478: 10 80 f0 64 64 00 00 00
18:33:51.407008: 10 80 f0 64 64 00 00 00
18:33:51.427413: 10 80 f0 64 64 00 00 00
18:33:51.447827: 10 80 f0 64 64 00 00 00
18:33:51.467905: 10 80 f0 64 64 00 00 00
18:33:51.484726: 10 80 f0 64 64 00 00 00
18:33:51.505714: 10 80 f0 64 64 00 00 00
18:33:51.525698: 10 80 f0 64 64 00 00 00
18:33:51.546189: 10 80 f0 64 64 00 00 00
18:33:51.566625: 10 80 f0 64 64 00 00 00
18:33:51.587173: 10 80 f0 64 64 00 00 00
18:33:51.607649: 10 80 f0 64 64 00 00 00
18:33:51.627851: 10 80 f0 64 64 00 00 00
18:33:51.647976: 10 80 f0 64 64 00 00 00
18:33:51.664980: 10 80 f0 64 64 00 00 00
18:33:51.685519: 10 80 f0 64 64 00 00 00
18:33:51.706027: 10 80 f0 64 64 00 00 00
18:33:51.726502: 10 80 f0 64 64 00 00 00
18:33:51.746909: 10 80 f0 64 64 00 00 00
18:33:51.767370: 10 80 f0 64 64 00 00 00
18:33:51.787829: 10 80 f0 64 64 00 00 00
18:33:51.809311: 10 80 f0 64 64 00 00 00
18:33:51.824795: 10 80 f0 64 64 00 00 00
18:33:51.845198: 10 80 f0 64 64 00 00 00
18:33:51.865741: 10 80 f0 64 64 00 00 00
18:33:51.886147: 10 80 f0 64 64 00 00 00
18:33:51.906595: 10 80 f0 64 64 00 00 00
18:33:51.927103: 10 80 f0 64 64 00 00 00
18:33:51.947665: 10 80 f0 64 64 00 00 00
18:33:51.967797: 10 80 f0 64 64 00 00 00
18:33:51.987929: 10 80 f0 64 64 00 00 00
18:33:52.004979: 10 80 f0 64 64 00 00 00
18:33:52.025477: 10 80 f0 64 64 00 00 00
18:33:52.045898: 10 80 f0 64 64 00 00 00
18:33:52.066401: 10 80 f0 64 64 00 00 00
18:33:52.086912: 10 80 f0 64 64 00 00 00
18:33:52.107396: 10 80 f0 64 64 00 00 00
18:33:52.127781: 10 80 f0 64 64 00 00 00
18:33:52.147911: 10 80 f0 64 64 00 00 00
18:33:52.168074: 10 80 f0 64 64 00 00 00
18:33:52.185226: 10 80 f0 64 64 00 00 00
18:33:52.205615: 10 80 f0 64 64 00 00 00
18:33:52.226067: 10 80 f0 64 64 00 00 00
18:33:52.246562: 10 80 f0 64 64 00 00 00
18:33:52.267042: 10 80 f0 64 64 00 00 00
18:33:52.287520: 10 80 f0 64 64 00 00 00
18:33:52.308386: 10 80 f0 64 64 00 00 00
18:33:52.327969: 10 80 f0 64 64 00 00 00
18:33:52.345052: 10 80 f0 64 64 00 00 00
18:33:52.365382: 10 80 f0 64 64 00 00 00
18:33:52.385912: 10 80 f0 64 64 00 00 00
18:33:52.406332: 10 80 f0 64 64 00 00 00
18:33:52.426838: 10 80 f0 64 64 00 00 00
18:33:52.447322: 10 80 f0 64 64 00 00 00
18:33:52.467617: 10 80 f0 64 64 00 00 00
18:33:52.487822: 10 80 f0 64 64 00 00 00
18:33:52.507931: 10 80 f0 64 64 00 00 00
18:33:52.525185: 10 80 f0 64 64 00 00 00
18:33:52.545649: 10 80 f0 64 64 00 00 00
18:33:52.566027: 10 80 f0 64 64 00 00 00
18:33:52.586551: 10 80 f0 64 64 00 00 00
18:33:52.606957: 10 80 f0 64 64 00 00 00
18:33:52.627470: 10 80 f0 64 64 00 00 00
18:33:52.647763: 10 80 f0 64 64 00 00 00
18:33:52.667924: 10 80 f0 64 64 00 00 00
18:33:52.684959: 10 80 f0 64 64 00 00 00
18:33:52.705398: 10 80 f0 64 64 00 00 00
18:33:52.725821: 10 80 f0 64 64 00 00 00
18:33:52.746283: 10 80 f0 64 64 00 00 00
18:33:52.766792: 10 80 f0 64 64 00 00 00
18:33:52.787216: 10 80 f0 64 64 00 00 00
18:33:52.807640: 10 80 f0 64 64 00 00 00
18:33:52.827797: 10 80 f0 64 64 00 00 00
18:33:52.847907: 10 80 f0 64 64 00 00 00
18:33:52.865096: 10 80 f0 64 64 00 00 00
18:33:52.885575: 10 80 f0 64 64 00 00 00
18:33:52.906004: 10 80 f0 64 64 00 00 00
18:33:52.926480: 10 80 f0 64 64 00 00 00
18:33:52.946952: 10 80 f0 64 64 00 00 00
18:33:52.967481: 10 80 f0 64 64 00 00 00
18:33:52.987710: 10 80 f0 64 64 00 00 00
18:33:53.008604: 10 80 f0 64 64 00 00 00
18:33:53.024847: 10 80 f0 64 64 00 00 00
18:33:53.046525: 10 80 f0 64 64 00 00 00
18:33:53.065806: 10 80 f0 64 64 00 00 00
18:33:53.087058: 10 80 f0 64 64 00 00 00
18:33:53.106716: 10 80 f0 64 64 00 00 00
18:33:53.127216: 10 80 f0 64 64 00 00 00
18:33:53.147717: 10 80 f0 64 64 00 00 00
18:33:53.167770: 10 80 f0 64 64 00 00 00
18:33:53.187855: 10 80 f0 64 64 00 00 00
18:33:53.205035: 10 80 f0 64 64 00 00 00
18:33:53.225538: 10 80 f0 64 64 00 00 00
18:33:53.245970: 10 80 f0 64 64 00 00 00
18:33:53.266526: 10 80 f0 64 64 00 00 00
18:33:53.286912: 10 80 f0 64 64 00 00 00
18:33:53.307436: 10 80 f0 64 64 00 00 00
18:33:53.327684: 10 80 f0 64 64 00 00 00
18:33:53.347926: 10 80 f0 64 64 00 00 00
18:33:53.364780: 10 80 f0 64 64 00 00 00
18:33:53.385307: 10 80 f0 64 64 00 00 00
18:33:53.405755: 10 80 f0 64 64 00 00 00
18:33:53.426275: 10 80 f0 64 64 00 00 00
18:33:53.446786: 10 80 f0 64 64 00 00 00
18:33:53.467155: 10 80 f0 64 64 00 00 00
18:33:53.488439: 10 80 f0 64 64 00 00 00
18:33:53.507684: 10 80 f0 64 64 00 00 00
18:33:53.527920: 10 80 f0 64 64 00 00 00
18:33:53.545744: 10 80 f0 64 64 00 00 00
18:33:53.565471: 10 80 f0 64 64 00 00 00
18:33:53.585970: 10 80 f0 64 64 00 00 00
18:33:53.606470: 10 80 f0 64 64 00 00 00
18:33:53.626917: 10 80 f0 64 64 00 00 00
18:33:53.647409: 10 80 f0 64 64 00 00 00
18:33:53.668396: 10 80 f0 64 64 00 00 00
18:33:53.687728: 10 80 f0 64 64 00 00 00
18:33:53.704764: 10 80 f0 64 64 00 00 00
18:33:53.725183: 10 80 f0 64 64 00 00 00
18:33:53.745724: 10 80 f0 64 64 00 00 00
18:33:53.766202: 10 80 f0 64 64 00 00 00
18:33:53.786621: 10 80 f0 64 64 00 00 00
18:33:53.807086: 10 80 f0 64 64 00 00 00
18:33:53.827536: 10 80 f0 64 64 00 00 00
18:33:53.847736: 10 80 f0 64 64 00 00 00
18:33:53.867826: 10 80 f0 64 64 00 00 00
18:33:53.884940: 10 80 f0 64 64 00 00 00
18:33:53.905420: 10 80 f0 64 64 00 00 00
18:33:53.925845: 10 80 f0 64 64 00 00 00
18:33:53.946363: 10 80 f0 64 64 00 00 00
18:33:53.966961: 10 80 f0 64 64 00 00 00
18:33:53.987368: 10 80 f0 64 64 00 00 00
18:33:54.007645: 10 80 f0 64 64 00 00 00
18:33:54.027787: 10 80 f0 64 64 00 00 00
18:33:54.044648: 10 80 f0 64 64 00 00 00
18:33:54.065122: 10 80 f0 64 64 00 00 00
18:33:54.085685: 10 80 f0 64 64 00 00 00
18:33:54.106138: 10 80 f0 64 64 00 00 00
18:33:54.126546: 10 80 f0 64 64 00 00 00
18:33:54.147115: 10 80 f0 64 64 00 00 00
18:33:54.167503: 10 80 f0 64 64 00 00 00
18:33:54.187704: 10 80 f0 64 64 00 00 00
18:33:54.207863: 10 80 f0 64 64 00 00 00
18:33:54.224930: 10 80 f0 64 64 00 00 00
18:33:54.245436: 10 80 f0 64 64 00 00 00
18:33:54.265938: 10 80 f0 64 64 00 00 00
18:33:54.286305: 10 80 f0 64 64 00 00 00
18:33:54.306802: 10 80 f0 64 64 00 00 00
18:33:54.327309: 10 80 f0 64 64 00 00 00
18:33:54.347593: 10 80 f0 64 64 00 00 00
18:33:54.367814: 10 80 f0 64 64 00 00 00
18:33:54.384625: 10 80 f0 64 64 00 00 00
18:33:54.405152: 10 80 f0 64 64 00 00 00
18:33:54.425567: 10 80 f0 64 64 00 00 00
18:33:54.447829: 10 80 f0 64 64 00 00 00
18:33:54.467780: 10 80 f0 64 64 00 00 00
18:33:54.486996: 10 80 f0 64 64 00 00 00
18:33:54.507476: 10 80 f0 64 64 00 00 00
18:33:54.527628: 10 80 f0 64 64 00 00 00
18:33:54.547822: 10 80 f0 64 64 00 00 00
18:33:54.564948: 10 80 f0 64 64 00 00 00
18:33:54.585284: 10 80 f0 64 64 00 00 00
18:33:54.605787: 10 80 f0 64 64 00 00 00
18:33:54.626245: 10 80 f0 64 64 00 00 00
18:33:54.646821: 10 80 f0 64 64 00 00 00
18:33:54.667252: 10 80 f0 64 64 00 00 00
18:33:54.686831: 10 80 f0 64 64 00 00 00
18:33:54.707669: 10 80 f0 64 64 00 00 00
18:33:54.725268: 10 80 f0 64 64 00 00 00
18:33:54.745076: 10 80 f0 64 64 00 00 00
18:33:54.765580: 10 80 f0 64 64 00 00 00
18:33:54.786053: 10 80 f0 64 64 00 00 00
18:33:54.806579: 10 80 f0 64 64 00 00 00
18:33:54.826943: 10 80 f0 64 64 00 00 00
18:33:54.847423: 10 80 f0 64 64 00 00 00
18:33:54.867588: 10 80 f0 64 64 00 00 00
18:33:54.887767: 10 80 f0 64 64 00 00 00
18:33:54.906453: 10 80 f0 64 64 00 00 00
18:33:54.925270: 10 80 f0 64 64 00 00 00
18:33:54.945715: 10 80 f0 64 64 00 00 00
18:33:54.966210: 10 80 f0 64 64 00 00 00
18:33:54.986697: 10 80 f0 64 64 00 00 00
18:33:55.007193: 10 80 f0 64 64 00 00 00
18:33:55.027522: 10 80 f0 64 64 00 00 00
18:33:55.047677: 10 80 f0 64 64 00 00 00
18:33:55.064615: 10 80 f0 64 64 00 00 00
18:33:55.085073: 10 80 f0 64 64 00 00 00
18:33:55.105485: 10 80 f0 64 64 00 00 00
18:33:55.125984: 10 80 f0 64 64 00 00 00
18:33:55.146460: 10 80 f0 64 64 00 00 00
18:33:55.166913: 10 80 f0 64 64 00 00 00
18:33:55.187361: 10 80 f0 64 64 00 00 00
18:33:55.207603: 10 80 f0 64 64 00 00 00
18:33:55.227698: 10 80 f0 64 64 00 00 00
18:33:55.244852: 10 80 f0 64 64 00 00 00
18:33:55.265202: 10 80 f0 64 64 00 00 00
18:33:55.285689: 10 80 f0 64 64 00 00 00
18:33:55.306211: 10 80 f0 64 64 00 00 00
18:33:55.326709: 10 80 f0 64 64 00 00 00
18:33:55.347137: 10 80 f0 64 64 00 00 00
18:33:55.367450: 10 80 f0 64 64 00 00 00
18:33:55.387612: 10 80 f0 64 64 00 00 00
18:33:55.404560: 10 80 f0 64 64 00 00 00
18:33:55.425151: 10 80 f0 64 64 00 00 00
18:33:55.445533: 10 80 f0 64 64 00 00 00
18:33:55.465961: 10 80 f0 64 64 00 00 00
18:33:55.486377: 10 80 f0 64 64 00 00 00
18:33:55.506850: 10 80 f0 64 64 00 00 00
18:33:55.527340: 10 80 f0 64 64 00 00 00
18:33:55.547540: 10 80 f0 64 64 00 00 00
18:33:55.567694: 10 80 f0 64 64 00 00 00
18:33:55.584743: 10 80 f0 64 64 00 00 00
18:33:55.605248: 10 80 f0 64 64 00 00 00
18:33:55.625651: 10 80 f0 64 64 00 00 00
18:33:55.646137: 10 80 f0 64 64 00 00 00
18:33:55.666599: 10 80 f0 64 64 00 00 00
18:33:55.687083: 10 80 f0 64 64 00 00 00
18:33:55.707501: 10 80 f0 64 64 00 00 00
18:33:55.727669: 10 80 f0 64 64 00 00 00
18:33:55.747751: 10 80 f0 64 64 00 00 00
18:33:55.765032: 10 80 f0 64 64 00 00 00
18:33:55.785462: 10 80 f0 64 64 00 00 00
18:33:55.805839: 10 80 f0 64 64 00 00 00
18:33:55.826331: 10 80 f0 64 64 00 00 00
18:33:55.846848: 10 80 f0 64 64 00 00 00
18:33:55.867314: 10 80 f0 64 64 00 00 00
18:33:55.887541: 10 80 f0 64 64 00 00 00
18:33:55.907653: 10 80 a0 00 00 00 00 00
18:33:55.924732: 10 80 a0 00 00 00 00 00
18:33:55.945211: 10 80 a0 00 00 00 00 00
18:33:55.965636: 10 80 a0 00 00 00 00 00
18:33:55.986086: 10 80 a0 00 00 00 00 00
18:33:56.006574: 10 80 a0 00 00 00 00 00
18:33:56.027041: 10 80 a0 00 00 00 00 00
18:33:56.047921: 10 80 a0 00 00 00 00 00
18:33:56.067636: 10 80 a0 00 00 00 00 00
18:33:56.087787: 10 80 a0 00 00 00 00 00
18:33:56.104970: 10 80 a0 00 00 00 00 00
18:33:56.125422: 10 80 a0 00 00 00 00 00
18:33:56.145851: 10 80 a0 00 00 00 00 00
18:33:56.166282: 10 80 a0 00 00 00 00 00
18:33:56.186769: 10 80 a0 00 00 00 00 00
18:33:56.207246: 10 80 a0 00 00 00 00 00
18:33:56.227444: 10 80 a0 00 00 00 00 00
18:33:56.247700: 10 80 a0 00 00 00 00 00
18:33:56.264694: 10 80 a0 00 00 00 00 00
18:33:56.285142: 10 80 a0 00 00 00 00 00
18:33:56.305562: 10 80 a0 00 00 00 00 00
18:33:56.326050: 10 80 a0 00 00 00 00 00
18:33:56.346620: 10 80 a0 00 00 00 00 00
18:33:56.367062: 10 80 a0 00 00 00 00 00
18:33:56.387415: 10 80 a0 00 00 00 00 00
18:33:56.407531: 10 80 a0 00 00 00 00 00
18:33:56.427659: 10 80 a0 3c 3c 00 00 00
18:33:56.444849: 10 80 a0 3c 3c 00 00 00
18:33:56.465404: 10 80 a0 3c 3c 00 00 00
18:33:56.485785: 10 80 a0 3c 3c 00 00 00
18:33:56.506215: 10 80 a0 3c 3c 00 00 00
18:33:56.526841: 10 80 a0 3c 3c 00 00 00
18:33:56.548003: 10 80 a0 3c 3c 00 00 00
18:33:56.567542: 10 80 a0 3c 3c 00 00 00
18:33:56.587708: 10 80 a0 3c 3c 00 00 00
18:33:56.604591: 10 80 a0 3c 3c 00 00 00
18:33:56.625058: 10 80 a0 3c 3c 00 00 00
18:33:56.645545: 10 80 a0 3c 3c 00 00 00
18:33:56.666031: 10 80 a0 3c 3c 00 00 00
18:33:56.686478: 10 80 a0 3c 3c 00 00 00
18:33:56.707737: 10 80 a0 3c 3c 00 00 00
18:33:56.727368: 10 80 a0 3c 3c 00 00 00
18:33:56.747505: 10 80 a0 3c 3c 00 00 00
18:33:56.767636: 10 80 a0 3c 3c 00 00 00
18:33:56.784815: 10 80 a0 3c 3c 00 00 00
18:33:56.805268: 10 80 a0 3c 3c 00 00 00
18:33:56.825899: 10 80 a0 3c 3c 00 00 00
18:33:56.846217: 10 80 a0 3c 3c 00 00 00
18:33:56.866680: 10 80 a0 3c 3c 00 00 00
18:33:56.887149: 10 80 a0 3c 3c 00 00 00
18:33:56.907414: 10 80 a0 3c 3c 00 00 00
18:33:56.927596: 10 80 a0 3c 3c 00 00 00
18:33:56.944586: 10 80 a0 3c 3c 00 00 00
18:33:56.965116: 10 80 a0 3c 3c 00 00 00
18:33:56.985547: 10 80 a0 3c 3c 00 00 00
18:33:57.005973: 10 80 a0 3c 3c 00 00 00
18:33:57.026419: 10 80 a0 3c 3c 00 00 00
18:33:57.046901: 10 80 a0 3c 3c 00 00 00
18:33:57.067337: 10 80 a0 3c 3c 00 00 00
18:33:57.087524: 10 80 a0 00 00 00 00 00
18:33:57.107624: 10 80 a0 00 00 00 00 00
18:33:57.124805: 10 80 a0 00 00 00 00 00
18:33:57.145240: 10 80 a0 00 00 00 00 00
18:33:57.166529: 10 80 a0 00 00 00 00 00
18:33:57.186188: 10 80 a0 00 00 00 00 00
18:33:57.206672: 10 80 a0 00 00 00 00 00
18:33:57.227148: 10 80 a0 00 00 00 00 00
18:33:57.247409: 10 80 a0 00 00 00 00 00
18:33:57.267628: 10 80 a0 00 00 00 00 00
18:33:57.284564: 10 80 a0 00 00 00 00 00
18:33:57.305033: 10 80 a0 00 00 00 00 00
18:33:57.325538: 10 80 a0 00 00 00 00 00
18:33:57.345891: 10 80 a0 00 00 00 00 00
18:33:57.366435: 10 80 a0 00 00 00 00 00
18:33:57.386854: 10 80 a0 00 00 00 00 00
18:33:57.407332: 10 80 a0 00 00 00 00 00
18:33:57.427590: 10 80 a0 00 00 00 00 00
18:33:57.447623: 10 80 a0 00 00 00 00 00
18:33:57.464831: 10 80 a0 00 00 00 00 00
18:33:57.485180: 10 80 a0 00 00 00 00 00
18:33:57.505656: 10 80 a0 00 00 00 00 00
18:33:57.526145: 10 80 a0 00 00 00 00 00
18:33:57.546636: 10 80 a0 00 00 00 00 00
18:33:57.567090: 10 80 a0 00 00 00 00 00
18:33:57.587397: 10 80 a0 00 00 00 00 00
18:33:57.607530: 10 80 a0 00 00 00 00 00
18:33:57.624961: 10 80 b0 3c 3c 00 00 00
18:33:57.644960: 10 80 b0 3c 3c 00 00 00
18:33:57.665407: 10 80 b0 3c 3c 00 00 00
18:33:57.685945: 10 80 b0 3c 3c 00 00 00
18:33:57.706467: 10 80 b0 3c 3c 00 00 00
18:33:57.726820: 10 80 b0 3c 3c 00 00 00
18:33:57.747269: 10 80 b0 3c 3c 00 00 00
18:33:57.767482: 10 80 b0 3c 3c 00 00 00
18:33:57.787558: 10 80 b0 3c 3c 00 00 00
18:33:57.804717: 10 80 b0 3c 3c 00 00 00
18:33:57.825094: 10 80 b0 3c 3c 00 00 00
18:33:57.845561: 10 80 b0 3c 3c 00 00 00
18:33:57.866125: 10 80 b0 3c 3c 00 00 00
18:33:57.886533: 10 80 b0 3c 3c 00 00 00
18:33:57.907086: 10 80 b0 3c 3c 00 00 00
18:33:57.927463: 10 80 b0 3c 3c 00 00 00
18:33:57.947530: 10 80 b0 3c 3c 00 00 00
18:33:57.964468: 10 80 b0 3c 3c 00 00 00
18:33:57.984866: 10 80 b0 3c 3c 00 00 00
18:33:58.005430: 10 80 b0 3c 3c 00 00 00
18:33:58.025856: 10 80 b0 3c 3c 00 00 00
18:33:58.046434: 10 80 b0 3c 3c 00 00 00
18:33:58.066756: 10 80 b0 3c 3c 00 00 00
18:33:58.087287: 10 80 b0 3c 3c 00 00 00
18:33:58.107385: 10 80 b0 3c 3c 00 00 00
18:33:58.127589: 10 80 b0 3c 3c 00 00 00
18:33:58.144578: 10 80 b0 3c 3c 00 00 00
18:33:58.165113: 10 80 b0 3c 3c 00 00 00
18:33:58.185558: 10 80 b0 3c 3c 00 00 00
18:33:58.206059: 10 80 b0 3c 3c 00 00 00
18:33:58.226521: 10 80 b0 3c 3c 00 00 00
18:33:58.247103: 10 80 b0 3c 3c 00 00 00
18:33:58.267431: 10 80 b0 3c 3c 00 00 00
18:33:58.287490: 10 80 b0 3c 3c 00 00 00
18:33:58.304444: 10 80 b0 3c 3c 00 00 00
18:33:58.324852: 10 80 b0 3c 3c 00 00 00
18:33:58.345290: 10 80 b0 3c 3c 00 00 00
18:33:58.365836: 10 80 b0 3c 3c 00 00 00
18:33:58.386322: 10 80 b0 3c 3c 00 00 00
18:33:58.406874: 10 80 b0 3c 3c 00 00 00
18:33:58.427306: 10 80 b0 3c 3c 00 00 00
18:33:58.447385: 10 80 b0 3c 3c 00 00 00
18:33:58.467532: 10 80 b0 3c 3c 00 00 00
18:33:58.484628: 10 80 b0 3c 3c 00 00 00
18:33:58.505069: 10 80 b0 3c 3c 00 00 00
18:33:58.525911: 10 80 b0 3c 3c 00 00 00
18:33:58.545286: 10 80 b0 3c 3c 00 00 00
18:33:58.566268: 10 80 b0 3c 3c 00 00 00
18:33:58.587098: 10 80 b0 3c 3c 00 00 00
18:33:58.607966: 10 80 b0 3c 3c 00 00 00
18:33:58.627510: 10 80 b0 3c 3c 00 00 00
18:33:58.644359: 10 80 b0 3c 3c 00 00 00
18:33:58.665183: 10 80 b0 3c 3c 00 00 00
18:33:58.685273: 10 80 b0 3c 3c 00 00 00
18:33:58.705065: 10 80 b0 3c 3c 00 00 00
18:33:58.726268: 10 80 b0 3c 3c 00 00 00
18:33:58.746740: 10 80 b0 3c 3c 00 00 00
18:33:58.767242: 10 80 b0 3c 3c 00 00 00
18:33:58.788076: 10 80 b0 3c 3c 00 00 00
18:33:58.807578: 10 80 b0 3c 3c 00 00 00
18:33:58.824568: 10 80 b0 3c 3c 00 00 00
18:33:58.844994: 10 80 b0 3c 3c 00 00 00
18:33:58.865422: 10 80 b0 3c 3c 00 00 00
18:33:58.885982: 10 80 b0 3c 3c 00 00 00
18:33:58.907096: 10 80 b0 3c 3c 00 00 00
18:33:58.926883: 10 80 b0 3c 3c 00 00 00
18:33:58.947249: 10 80 b0 3c 3c 00 00 00
18:33:58.967421: 10 80 b0 3c 3c 00 00 00
18:33:58.984344: 10 80 b0 3c 3c 00 00 00
18:33:59.004823: 10 80 b0 3c 3c 00 00 00
18:33:59.025284: 10 80 b0 3c 3c 00 00 00
18:33:59.045672: 10 80 b0 3c 3c 00 00 00
18:33:59.068969: 10 80 b0 3c 3c 00 00 00
18:33:59.086218: 10 80 b0 3c 3c 00 00 00
18:33:59.106935: 10 80 b0 3c 3c 00 00 00
18:33:59.127076: 10 80 b0 3c 3c 00 00 00
18:33:59.147232: 10 80 b0 3c 3c 00 00 00
18:33:59.164255: 10 80 b0 3c 3c 00 00 00
18:33:59.184790: 10 80 b0 3c 3c 00 00 00
18:33:59.205514: 10 80 b0 3c 3c 00 00 00
18:33:59.225489: 10 80 b0 3c 3c 00 00 00
18:33:59.246226: 10 80 b0 3c 3c 00 00 00
18:33:59.266658: 10 80 b0 3c 3c 00 00 00
18:33:59.287070: 10 80 b0 3c 3c 00 00 00
18:33:59.307189: 10 80 b0 3c 3c 00 00 00
18:33:59.324061: 10 80 b0 3c 3c 00 00 00
18:33:59.344513: 10 80 b0 3c 3c 00 00 00
18:33:59.365185: 10 80 b0 3c 3c 00 00 00
18:33:59.385615: 10 80 b0 3c 3c 00 00 00
18:33:59.405942: 10 80 b0 3c 3c 00 00 00
18:33:59.426142: 10 80 b0 3c 3c 00 00 00
18:33:59.446899: 10 80 b0 3c 3c 00 00 00
18:33:59.467051: 10 80 b0 3c 3c 00 00 00
18:33:59.491937: 10 80 b0 3c 3c 00 00 00
18:33:59.504223: 10 80 b0 3c 3c 00 00 00
18:33:59.525637: 10 80 b0 3c 3c 00 00 00
18:33:59.545439: 10 80 b0 3c 3c 00 00 00
18:33:59.565963: 10 80 b0 3c 3c 00 00 00
18:33:59.586454: 10 80 b0 3c 3c 00 00 00
18:33:59.606873: 10 80 b0 3c 3c 00 00 00
18:33:59.628105: 10 80 b0 3c 3c 00 00 00
18:33:59.647431: 10 80 b0 3c 3c 00 00 00
18:33:59.667502: 10 80 b0 3c 3c 00 00 00
18:33:59.684759: 10 80 b0 3c 3c 00 00 00
18:33:59.705196: 10 80 b0 3c 3c 00 00 00
18:33:59.726401: 10 80 b0 3c 3c 00 00 00
18:33:59.746091: 10 80 b0 3c 3c 00 00 00
18:33:59.766557: 10 80 b0 3c 3c 00 00 00
18:33:59.787081: 10 80 b0 3c 3c 00 00 00
18:33:59.807261: 10 80 b0 3c 3c 00 00 00
18:33:59.827437: 10 80 b0 3c 3c 00 00 00
18:33:59.844444: 10 80 b0 3c 3c 00 00 00
18:33:59.864874: 10 80 b0 3c 3c 00 00 00
18:33:59.885388: 10 80 b0 3c 3c 00 00 00
18:33:59.905792: 10 80 b0 3c 3c 00 00 00
18:33:59.926317: 10 80 b0 3c 3c 00 00 00
18:33:59.946868: 10 80 b0 3c 3c 00 00 00
18:33:59.967194: 10 80 b0 3c 3c 00 00 00
18:33:59.987490: 10 80 b0 3c 3c 00 00 00
18:34:00.008247: 10 80 b0 3c 3c 00 00 00
18:34:00.025404: 10 80 b0 3c 3c 00 00 00
18:34:00.045049: 10 80 b0 3c 3c 00 00 00
18:34:00.065548: 10 80 b0 3c 3c 00 00 00
18:34:00.086077: 10 80 b0 3c 3c 00 00 00
18:34:00.106550: 10 80 b0 3c 3c 00 00 00
18:34:00.126986: 10 80 b0 3c 3c 00 00 00
18:34:00.147272: 10 80 b0 3c 3c 00 00 00
18:34:00.167410: 10 80 b0 3c 3c 00 00 00
18:34:00.184366: 10 80 b0 3c 3c 00 00 00
18:34:00.204933: 10 80 b0 3c 3c 00 00 00
18:34:00.225305: 10 80 b0 3c 3c 00 00 00
18:34:00.245859: 10 80 b0 3c 3c 00 00 00
18:34:00.266587: 10 80 b0 3c 3c 00 00 00
18:34:00.286790: 10 80 b0 3c 3c 00 00 00
18:34:00.307210: 10 80 b0 3c 3c 00 00 00
18:34:00.327297: 10 80 b0 3c 3c 00 00 00
18:34:00.347299: 10 80 b0 3c 3c 00 00 00
18:34:00.364574: 10 80 b0 3c 3c 00 00 00
18:34:00.385758: 10 80 b0 3c 3c 00 00 00
18:34:00.405534: 10 80 b0 3c 3c 00 00 00
18:34:00.426080: 10 80 b0 3c 3c 00 00 00
18:34:00.446490: 10 80 b0 3c 3c 00 00 00
18:34:00.466961: 10 80 b0 3c 3c 00 00 00
18:34:00.487191: 10 80 b0 3c 3c 00 00 00
18:34:00.507379: 10 80 b0 3c 3c 00 00 00
18:34:00.524320: 10 80 b0 3c 3c 00 00 00
18:34:00.544373: 10 80 b0 3c 3c 00 00 00
18:34:00.565990: 10 80 b0 3c 3c 00 00 00
18:34:00.585761: 10 80 b0 3c 3c 00 00 00
18:34:00.606247: 10 80 b0 3c 3c 00 00 00
18:34:00.626713: 10 80 b0 3c 3c 00 00 00
18:34:00.647127: 10 80 b0 3c 3c 00 00 00
18:34:00.667279: 10 80 b0 3c 3c 00 00 00
18:34:00.687404: 10 80 b0 3c 3c 00 00 00
18:34:00.704619: 10 80 b0 3c 3c 00 00 00
18:34:00.724980: 10 80 b0 3c 3c 00 00 00
18:34:00.745468: 10 80 b0 3c 3c 00 00 00
18:34:00.765965: 10 80 b0 3c 3c 00 00 00
18:34:00.786416: 10 80 b0 3c 3c 00 00 00
18:34:00.806858: 10 80 b0 3c 3c 00 00 00
18:34:00.828549: 10 80 b0 3c 3c 00 00 00
18:34:00.847417: 10 80 b0 3c 3c 00 00 00
18:34:00.864267: 10 80 b0 3c 3c 00 00 00
18:34:00.884812: 10 80 b0 3c 3c 00 00 00
18:34:00.905316: 10 80 b0 3c 3c 00 00 00
18:34:00.925659: 10 80 b0 3c 3c 00 00 00
18:34:00.946185: 10 80 b0 3c 3c 00 00 00
18:34:00.966755: 10 80 b0 3c 3c 00 00 00
18:34:00.987108: 10 80 b0 3c 3c 00 00 00
18:34:01.007307: 10 80 b0 3c 3c 00 00 00
18:34:01.027345: 10 80 b0 3c 3c 00 00 00
18:34:01.044017: 10 80 b0 3c 3c 00 00 00
18:34:01.064729: 10 80 b0 3c 3c 00 00 00
18:34:01.085226: 10 80 b0 3c 3c 00 00 00
18:34:01.106599: 10 80 b0 3c 3c 00 00 00
18:34:01.126386: 10 80 b0 3c 3c 00 00 00
18:34:01.146893: 10 80 b0 3c 3c 00 00 00
18:34:01.167104: 10 80 b0 3c 3c 00 00 00
18:34:01.187366: 10 80 b0 3c 3c 00 00 00
18:34:01.204256: 10 80 b0 3c 3c 00 00 00
18:34:01.224870: 10 80 b0 3c 3c 00 00 00
18:34:01.245234: 10 80 b0 3c 3c 00 00 00
18:34:01.265697: 10 80 b0 3c 3c 00 00 00
18:34:01.286169: 10 80 b0 3c 3c 00 00 00
18:34:01.306677: 10 80 b0 3c 3c 00 00 00
18:34:01.339246: 10 80 b0 3c 3c 00 00 00
18:34:01.345583: 10 80 b0 3c 3c 00 00 00
18:34:01.365780: 10 80 b0 3c 3c 00 00 00
18:34:01.385929: 10 80 b0 3c 3c 00 00 00
18:34:01.404927: 10 80 b0 3c 3c 00 00 00
18:34:01.425423: 10 80 b0 3c 3c 00 00 00
18:34:01.445883: 10 80 b0 3c 3c 00 00 00
18:34:01.467097: 10 80 b0 3c 3c 00 00 00
18:34:01.486900: 10 80 b0 3c 3c 00 00 00
18:34:01.507088: 10 80 b0 3c 3c 00 00 00
18:34:01.527310: 10 80 b0 3c 3c 00 00 00
18:34:01.544236: 10 80 b0 3c 3c 00 00 00
18:34:01.564653: 10 80 b0 3c 3c 00 00 00
18:34:01.585220: 10 80 b0 3c 3c 00 00 00
18:34:01.605955: 10 80 b0 3c 3c 00 00 00
18:34:01.626154: 10 80 b0 3c 3c 00 00 00
18:34:01.646620: 10 80 b0 3c 3c 00 00 00
18:34:01.667068: 10 80 b0 3c 3c 00 00 00
18:34:01.687253: 10 80 b0 3c 3c 00 00 00
18:34:01.707351: 10 80 b0 3c 3c 00 00 00
18:34:01.724383: 10 80 b0 3c 3c 00 00 00
18:34:01.744900: 10 80 b0 3c 3c 00 00 00
18:34:01.765423: 10 80 b0 3c 3c 00 00 00
18:34:01.785814: 10 80 b0 3c 3c 00 00 00
18:34:01.806315: 10 80 b0 3c 3c 00 00 00
18:34:01.827365: 10 80 b0 3c 3c 00 00 00
18:34:01.847086: 10 80 b0 3c 3c 00 00 00
18:34:01.867314: 10 80 b0 3c 3c 00 00 00
18:34:01.884138: 10 80 b0 3c 3c 00 00 00
18:34:01.904712: 10 80 b0 3c 3c 00 00 00
18:34:01.925082: 10 80 b0 3c 3c 00 00 00
18:34:01.945681: 10 80 b0 3c 3c 00 00 00
18:34:01.966033: 10 80 b0 3c 3c 00 00 00
18:34:01.986545: 10 80 b0 3c 3c 00 00 00
18:34:02.007036: 10 80 b0 3c 3c 00 00 00
18:34:02.027173: 10 80 b0 3c 3c 00 00 00
18:34:02.047306: 10 80 b0 3c 3c 00 00 00
18:34:02.064396: 10 80 b0 3c 3c 00 00 00
18:34:02.084870: 10 80 b0 3c 3c 00 00 00
18:34:02.105362: 10 80 b0 3c 3c 00 00 00
18:34:02.125826: 10 80 b0 3c 3c 00 00 00
18:34:02.146283: 10 80 b0 3c 3c 00 00 00
18:34:02.166750: 10 80 b0 3c 3c 00 00 00
18:34:02.187111: 10 80 b0 3c 3c 00 00 00
18:34:02.207262: 10 80 b0 3c 3c 00 00 00
18:34:02.224876: 10 80 b0 3c 3c 00 00 00
18:34:02.244598: 10 80 b0 3c 3c 00 00 00
18:34:02.265119: 10 80 b0 3c 3c 00 00 00
18:34:02.285614: 10 80 b0 3c 3c 00 00 00
18:34:02.306003: 10 80 b0 3c 3c 00 00 00
18:34:02.326479: 10 80 b0 3c 3c 00 00 00
18:34:02.347007: 10 80 b0 3c 3c 00 00 00
18:34:02.367146: 10 80 b0 3c 3c 00 00 00
18:34:02.387307: 10 80 b0 3c 3c 00 00 00
18:34:02.404375: 10 80 b0 3c 3c 00 00 00
18:34:02.424892: 10 80 b0 3c 3c 00 00 00
18:34:02.445239: 10 80 b0 3c 3c 00 00 00
18:34:02.467003: 10 80 b0 3c 3c 00 00 00
18:34:02.486441: 10 80 b0 3c 3c 00 00 00
18:34:02.506771: 10 80 b0 3c 3c 00 00 00
18:34:02.527009: 10 80 b0 3c 3c 00 00 00
18:34:02.547181: 10 80 b0 3c 3c 00 00 00
18:34:02.564152: 10 80 b0 3c 3c 00 00 00
18:34:02.584608: 10 80 b0 3c 3c 00 00 00
18:34:02.605052: 10 80 b0 3c 3c 00 00 00
18:34:02.625527: 10 80 b0 3c 3c 00 00 00
18:34:02.645963: 10 80 b0 3c 3c 00 00 00
18:34:02.666412: 10 80 b0 3c 3c 00 00 00
18:34:02.686907: 10 80 b0 3c 3c 00 00 00
18:34:02.707118: 10 80 b0 3c 3c 00 00 00
18:34:02.727310: 10 80 b0 3c 3c 00 00 00
18:34:02.744973: 10 80 b0 3c 3c 00 00 00
18:34:02.764785: 10 80 b0 3c 3c 00 00 00
18:34:02.785219: 10 80 b0 3c 3c 00 00 00
18:34:02.805815: 10 80 b0 3c 3c 00 00 00
18:34:02.826265: 10 80 b0 3c 3c 00 00 00
18:34:02.846606: 10 80 b0 3c 3c 00 00 00
18:34:02.867035: 10 80 b0 3c 3c 00 00 00
18:34:02.887222: 10 80 b0 3c 3c 00 00 00
18:34:02.904016: 10 80 b0 3c 3c 00 00 00
18:34:02.924581: 10 80 b0 3c 3c 00 00 00
18:34:02.945060: 10 80 b0 3c 3c 00 00 00
18:34:02.965410: 10 80 b0 3c 3c 00 00 00
18:34:02.986694: 10 80 b0 3c 3c 00 00 00
18:34:03.006411: 10 80 b0 3c 3c 00 00 00
18:34:03.026918: 10 80 b0 3c 3c 00 00 00
18:34:03.047038: 10 80 b0 3c 3c 00 00 00
18:34:03.067297: 10 80 b0 3c 3c 00 00 00
18:34:03.084251: 10 80 b0 3c 3c 00 00 00
18:34:03.104691: 10 80 b0 3c 3c 00 00 00
18:34:03.125249: 10 80 b0 3c 3c 00 00 00
18:34:03.145761: 10 80 b0 3c 3c 00 00 00
18:34:03.166115: 10 80 b0 3c 3c 00 00 00
18:34:03.186706: 10 80 b0 3c 3c 00 00 00
18:34:03.207088: 10 80 b0 3c 3c 00 00 00
18:34:03.227207: 10 80 b0 3c 3c 00 00 00
18:34:03.244048: 10 80 b0 3c 3c 00 00 00
18:34:03.264439: 10 80 b0 3c 3c 00 00 00
18:34:03.284922: 10 80 b0 3c 3c 00 00 00
18:34:03.305399: 10 80 b0 3c 3c 00 00 00
18:34:03.325974: 10 80 b0 3c 3c 00 00 00
18:34:03.346412: 10 80 b0 3c 3c 00 00 00
18:34:03.366834: 10 80 b0 3c 3c 00 00 00
18:34:03.387889: 10 80 b0 3c 3c 00 00 00
18:34:03.407175: 10 80 a0 00 00 00 00 00
18:34:03.424232: 10 80 a0 00 00 00 00 00
18:34:03.444650: 10 80 a0 00 00 00 00 00
18:34:03.465186: 10 80 a0 00 00 00 00 00
18:34:03.485658: 10 80 a0 00 00 00 00 00
18:34:03.506075: 10 80 a0 00 00 00 00 00
18:34:03.526591: 10 80 a0 00 00 00 00 00
18:34:03.546990: 10 80 a0 00 00 00 00 00
18:34:03.567145: 10 80 a0 00 00 00 00 00
18:34:03.587246: 10 80 a0 00 00 00 00 00
18:34:03.604453: 10 80 a0 00 00 00 00 00
18:34:03.625017: 10 80 a0 00 00 00 00 00
18:34:03.645422: 10 80 a0 00 00 00 00 00
18:34:03.665820: 10 80 a0 00 00 00 00 00
18:34:03.686286: 10 80 a0 00 00 00 00 00
18:34:03.706828: 10 80 a0 00 00 00 00 00
18:34:03.726967: 10 80 a0 00 00 00 00 00
18:34:03.747128: 10 80 a0 00 00 00 00 00
18:34:03.764173: 10 80 a0 00 00 00 00 00
18:34:03.784637: 10 80 a0 00 00 00 00 00
18:34:03.805115: 10 80 a0 00 00 00 00 00
18:34:03.825691: 10 80 a0 00 00 00 00 00
18:34:03.846066: 10 80 a0 00 00 00 00 00
18:34:03.866570: 10 80 a0 00 00 00 00 00
18:34:03.886932: 10 80 a0 00 00 00 00 00
18:34:03.907072: 10 80 a0 00 00 00 00 00
18:34:03.927205: 10 80 e0 3c 3c 00 00 00
18:34:03.944402: 10 80 e0 3c 3c 00 00 00
18:34:03.964901: 10 80 e0 3c 3c 00 00 00
18:34:03.985386: 10 80 e0 3c 3c 00 00 00
18:34:04.005889: 10 80 e0 3c 3c 00 00 00
18:34:04.026239: 10 80 e0 3c 3c 00 00 00
18:34:04.046799: 10 80 e0 3c 3c 00 00 00
18:34:04.066985: 10 80 e0 3c 3c 00 00 00
18:34:04.087145: 10 80 e0 3c 3c 00 00 00
18:34:04.104101: 10 80 e0 3c 3c 00 00 00
18:34:04.124994: 10 80 e0 3c 3c 00 00 00
18:34:04.145133: 10 80 e0 3c 3c 00 00 00
18:34:04.165583: 10 80 e0 3c 3c 00 00 00
18:34:04.186053: 10 80 e0 3c 3c 00 00 00
18:34:04.206506: 10 80 e0 3c 3c 00 00 00
18:34:04.226931: 10 80 e0 3c 3c 00 00 00
18:34:04.247037: 10 80 e0 3c 3c 00 00 00
18:34:04.267189: 10 80 e0 3c 3c 00 00 00
18:34:04.284335: 10 80 e0 3c 3c 00 00 00
18:34:04.304886: 10 80 e0 3c 3c 00 00 00
18:34:04.325334: 10 80 e0 3c 3c 00 00 00
18:34:04.345730: 10 80 e0 3c 3c 00 00 00
18:34:04.366211: 10 80 e0 3c 3c 00 00 00
18:34:04.386683: 10 80 e0 3c 3c 00 00 00
18:34:04.406913: 10 80 e0 3c 3c 00 00 00
18:34:04.427173: 10 80 e0 3c 3c 00 00 00
18:34:04.444074: 10 80 e0 3c 3c 00 00 00
18:34:04.464526: 10 80 e0 3c 3c 00 00 00
18:34:04.485010: 10 80 e0 3c 3c 00 00 00
18:34:04.505593: 10 80 e0 3c 3c 00 00 00
18:34:04.525959: 10 80 e0 3c 3c 00 00 00
18:34:04.546452: 10 80 e0 3c 3c 00 00 00
18:34:04.566910: 10 80 e0 3c 3c 00 00 00
18:34:04.587045: 10 80 e0 3c 3c 00 00 00
18:34:04.607219: 10 80 e0 3c 3c 00 00 00
18:34:04.624332: 10 80 e0 3c 3c 00 00 00
18:34:04.644757: 10 80 e0 3c 3c 00 00 00
18:34:04.665207: 10 80 e0 3c 3c 00 00 00
18:34:04.685664: 10 80 e0 3c 3c 00 00 00
18:34:04.706237: 10 80 e0 3c 3c 00 00 00
18:34:04.726675: 10 80 e0 3c 3c 00 00 00
18:34:04.746948: 10 80 e0 3c 3c 00 00 00
18:34:04.767066: 10 80 e0 3c 3c 00 00 00
18:34:04.784036: 10 80 e0 3c 3c 00 00 00
18:34:04.804552: 10 80 e0 3c 3c 00 00 00
18:34:04.825031: 10 80 e0 3c 3c 00 00 00
18:34:04.845446: 10 80 e0 3c 3c 00 00 00
18:34:04.865997: 10 80 e0 3c 3c 00 00 00
18:34:04.886368: 10 80 e0 3c 3c 00 00 00
18:34:04.906854: 10 80 e0 3c 3c 00 00 00
18:34:04.927035: 10 80 e0 3c 3c 00 00 00
18:34:04.947227: 10 80 e0 3c 3c 00 00 00
18:34:04.964260: 10 80 e0 3c 3c 00 00 00
18:34:04.984747: 10 80 e0 3c 3c 00 00 00
18:34:05.005178: 10 80 e0 3c 3c 00 00 00
18:34:05.026412: 10 80 e0 3c 3c 00 00 00
18:34:05.046171: 10 80 e0 3c 3c 00 00 00
18:34:05.066630: 10 80 e0 3c 3c 00 00 00
18:34:05.086868: 10 80 e0 3c 3c 00 00 00
18:34:05.107031: 10 80 e0 3c 3c 00 00 00
18:34:05.123997: 10 80 e0 3c 3c 00 00 00
18:34:05.144591: 10 80 e0 3c 3c 00 00 00
18:34:05.164929: 10 80 e0 3c 3c 00 00 00
18:34:05.185452: 10 80 e0 3c 3c 00 00 00
18:34:05.205868: 10 80 e0 3c 3c 00 00 00
18:34:05.226367: 10 80 e0 3c 3c 00 00 00
18:34:05.246814: 10 80 e0 3c 3c 00 00 00
18:34:05.267676: 10 80 e0 3c 3c 00 00 00
18:34:05.287151: 10 80 e0 3c 3c 00 00 00
18:34:05.304966: 10 80 e0 3c 3c 00 00 00
18:34:05.324707: 10 80 e0 3c 3c 00 00 00
18:34:05.345148: 10 80 e0 3c 3c 00 00 00
18:34:05.365613: 10 80 e0 3c 3c 00 00 00
18:34:05.386097: 10 80 e0 3c 3c 00 00 00
18:34:05.406611: 10 80 e0 3c 3c 00 00 00
18:34:05.426967: 10 80 e0 3c 3c 00 00 00
18:34:05.447839: 10 80 e0 3c 3c 00 00 00
18:34:05.464011: 10 80 e0 3c 3c 00 00 00
18:34:05.484467: 10 80 e0 3c 3c 00 00 00
18:34:05.504876: 10 80 e0 3c 3c 00 00 00
18:34:05.525399: 10 80 e0 3c 3c 00 00 00
18:34:05.545853: 10 80 e0 3c 3c 00 00 00
18:34:05.566299: 10 80 e0 3c 3c 00 00 00
18:34:05.586831: 10 80 e0 3c 3c 00 00 00
18:34:05.606911: 10 80 e0 3c 3c 00 00 00
18:34:05.627146: 10 80 e0 3c 3c 00 00 00
18:34:05.644174: 10 80 e0 3c 3c 00 00 00
18:34:05.664600: 10 80 e0 3c 3c 00 00 00
18:34:05.685125: 10 80 e0 3c 3c 00 00 00
18:34:05.705623: 10 80 e0 3c 3c 00 00 00
18:34:05.726127: 10 80 e0 3c 3c 00 00 00
18:34:05.746555: 10 80 e0 3c 3c 00 00 00
18:34:05.766891: 10 80 e0 3c 3c 00 00 00
18:34:05.787032: 10 80 e0 3c 3c 00 00 00
18:34:05.803894: 10 80 e0 3c 3c 00 00 00
18:34:05.824438: 10 80 e0 3c 3c 00 00 00
18:34:05.844903: 10 80 e0 3c 3c 00 00 00
18:34:05.865308: 10 80 e0 3c 3c 00 00 00
18:34:05.885813: 10 80 e0 3c 3c 00 00 00
18:34:05.906257: 10 80 e0 3c 3c 00 00 00
18:34:05.926773: 10 80 e0 3c 3c 00 00 00
18:34:05.946951: 10 80 e0 3c 3c 00 00 00
18:34:05.967672: 10 80 e0 3c 3c 00 00 00
18:34:05.984105: 10 80 e0 3c 3c 00 00 00
18:34:06.004557: 10 80 e0 3c 3c 00 00 00
18:34:06.025115: 10 80 e0 3c 3c 00 00 00
18:34:06.045571: 10 80 e0 3c 3c 00 00 00
18:34:06.066791: 10 80 e0 3c 3c 00 00 00
18:34:06.086516: 10 80 e0 3c 3c 00 00 00
18:34:06.106853: 10 80 e0 3c 3c 00 00 00
18:34:06.126977: 10 80 e0 3c 3c 00 00 00
18:34:06.143870: 10 80 e0 3c 3c 00 00 00
18:34:06.164318: 10 80 e0 3c 3c 00 00 00
18:34:06.184879: 10 80 e0 3c 3c 00 00 00
18:34:06.205347: 10 80 e0 3c 3c 00 00 00
18:34:06.225757: 10 80 e0 3c 3c 00 00 00
18:34:06.246213: 10 80 e0 3c 3c 00 00 00
18:34:06.266766: 10 80 e0 3c 3c 00 00 00
18:34:06.286896: 10 80 e0 3c 3c 00 00 00
18:34:06.307052: 10 80 e0 3c 3c 00 00 00
18:34:06.324057: 10 80 e0 3c 3c 00 00 00
18:34:06.344552: 10 80 e0 3c 3c 00 00 00
18:34:06.365045: 10 80 e0 3c 3c 00 00 00
18:34:06.385457: 10 80 e0 3c 3c 00 00 00
18:34:06.406043: 10 80 e0 3c 3c 00 00 00
18:34:06.426531: 10 80 e0 3c 3c 00 00 00
18:34:06.446809: 10 80 e0 3c 3c 00 00 00
18:34:06.466964: 10 80 e0 3c 3c 00 00 00
18:34:06.484963: 10 80 e0 3c 3c 00 00 00
18:34:06.504294: 10 80 e0 3c 3c 00 00 00
18:34:06.524801: 10 80 e0 3c 3c 00 00 00
18:34:06.545307: 10 80 e0 3c 3c 00 00 00
18:34:06.565753: 10 80 e0 3c 3c 00 00 00
18:34:06.586171: 10 80 e0 3c 3c 00 00 00
18:34:06.607467: 10 80 e0 3c 3c 00 00 00
18:34:06.626834: 10 80 e0 3c 3c 00 00 00
18:34:06.647048: 10 80 e0 3c 3c 00 00 00
18:34:06.664723: 10 80 e0 3c 3c 00 00 00
18:34:06.684500: 10 80 e0 3c 3c 00 00 00
18:34:06.704930: 10 80 e0 3c 3c 00 00 00
18:34:06.725408: 10 80 e0 3c 3c 00 00 00
18:34:06.745952: 10 80 e0 3c 3c 00 00 00
18:34:06.766360: 10 80 e0 3c 3c 00 00 00
18:34:06.786721: 10 80 e0 3c 3c 00 00 00
18:34:06.806914: 10 80 e0 3c 3c 00 00 00
18:34:06.823827: 10 80 e0 3c 3c 00 00 00
18:34:06.844274: 10 80 e0 3c 3c 00 00 00
18:34:06.864772: 10 80 e0 3c 3c 00 00 00
18:34:06.885266: 10 80 e0 3c 3c 00 00 00
18:34:06.905725: 10 80 e0 3c 3c 00 00 00
18:34:06.926112: 10 80 e0 3c 3c 00 00 00
18:34:06.946604: 10 80 e0 3c 3c 00 00 00
18:34:06.966826: 10 80 e0 3c 3c 00 00 00
18:34:06.986957: 10 80 e0 3c 3c 00 00 00
18:34:07.003982: 10 80 e0 3c 3c 00 00 00
18:34:07.024498: 10 80 e0 3c 3c 00 00 00
18:34:07.044965: 10 80 e0 3c 3c 00 00 00
18:34:07.065522: 10 80 e0 3c 3c 00 00 00
18:34:07.085844: 10 80 e0 3c 3c 00 00 00
18:34:07.106340: 10 80 e0 3c 3c 00 00 00
18:34:07.126776: 10 80 e0 3c 3c 00 00 00
18:34:07.146965: 10 80 e0 3c 3c 00 00 00
18:34:07.167101: 10 80 e0 3c 3c 00 00 00
18:34:07.184225: 10 80 e0 3c 3c 00 00 00
18:34:07.204681: 10 80 e0 3c 3c 00 00 00
18:34:07.225188: 10 80 e0 3c 3c 00 00 00
18:34:07.245725: 10 80 e0 3c 3c 00 00 00
18:34:07.266177: 10 80 e0 3c 3c 00 00 00
18:34:07.286626: 10 80 e0 3c 3c 00 00 00
18:34:07.306772: 10 80 e0 3c 3c 00 00 00
18:34:07.326960: 10 80 e0 3c 3c 00 00 00
18:34:07.343926: 10 80 e0 3c 3c 00 00 00
18:34:07.364434: 10 80 e0 3c 3c 00 00 00
18:34:07.384912: 10 80 e0 3c 3c 00 00 00
18:34:07.405323: 10 80 e0 3c 3c 00 00 00
18:34:07.425986: 10 80 e0 3c 3c 00 00 00
18:34:07.445891: 10 80 e0 3c 3c 00 00 00
18:34:07.466761: 10 80 e0 3c 3c 00 00 00
18:34:07.487225: 10 80 e0 3c 3c 00 00 00
18:34:07.507060: 10 80 e0 3c 3c 00 00 00
18:34:07.523947: 10 80 e0 3c 3c 00 00 00
18:34:07.544464: 10 80 e0 3c 3c 00 00 00
18:34:07.565114: 10 80 e0 3c 3c 00 00 00
18:34:07.586268: 10 80 e0 3c 3c 00 00 00
18:34:07.606130: 10 80 e0 3c 3c 00 00 00
18:34:07.626488: 10 80 e0 3c 3c 00 00 00
18:34:07.646776: 10 80 e0 3c 3c 00 00 00
18:34:07.666927: 10 80 e0 3c 3c 00 00 00
18:34:07.683932: 10 80 e0 3c 3c 00 00 00
18:34:07.704545: 10 80 e0 3c 3c 00 00 00
18:34:07.724808: 10 80 e0 3c 3c 00 00 00
18:34:07.745320: 10 80 e0 3c 3c 00 00 00
18:34:07.765903: 10 80 e0 3c 3c 00 00 00
18:34:07.786285: 10 80 e0 3c 3c 00 00 00
18:34:07.806749: 10 80 e0 3c 3c 00 00 00
18:34:07.826819: 10 80 e0 3c 3c 00 00 00
18:34:07.846964: 10 80 e0 3c 3c 00 00 00
18:34:07.864144: 10 80 e0 3c 3c 00 00 00
18:34:07.884613: 10 80 e0 3c 3c 00 00 00
18:34:07.905127: 10 80 e0 3c 3c 00 00 00
18:34:07.925610: 10 80 e0 3c 3c 00 00 00
18:34:07.946005: 10 80 e0 3c 3c 00 00 00
18:34:07.966439: 10 80 e0 3c 3c 00 00 00
18:34:07.986843: 10 80 e0 3c 3c 00 00 00
18:34:08.006903: 10 80 e0 3c 3c 00 00 00
18:34:08.023946: 10 80 e0 3c 3c 00 00 00
18:34:08.044404: 10 80 e0 3c 3c 00 00 00
18:34:08.064802: 10 80 e0 3c 3c 00 00 00
18:34:08.085248: 10 80 e0 3c 3c 00 00 00
18:34:08.105734: 10 80 e0 3c 3c 00 00 00
18:34:08.126320: 10 80 e0 3c 3c 00 00 00
18:34:08.146761: 10 80 e0 3c 3c 00 00 00
18:34:08.166791: 10 80 e0 3c 3c 00 00 00
18:34:08.186911: 10 80 e0 3c 3c 00 00 00
18:34:08.204795: 10 80 e0 3c 3c 00 00 00
18:34:08.224529: 10 80 e0 3c 3c 00 00 00
18:34:08.245127: 10 80 e0 3c 3c 00 00 00
18:34:08.266103: 10 80 e0 3c 3c 00 00 00
18:34:08.286024: 10 80 e0 3c 3c 00 00 00
18:34:08.306425: 10 80 e0 3c 3c 00 00 00
18:34:08.326731: 10 80 e0 3c 3c 00 00 00
18:34:08.346871: 10 80 e0 3c 3c 00 00 00
18:34:08.363863: 10 80 e0 3c 3c 00 00 00
18:34:08.384304: 10 80 e0 3c 3c 00 00 00
18:34:08.404797: 10 80 e0 3c 3c 00 00 00
18:34:08.425313: 10 80 e0 3c 3c 00 00 00
18:34:08.445867: 10 80 e0 3c 3c 00 00 00
18:34:08.466175: 10 80 e0 3c 3c 00 00 00
18:34:08.487451: 10 80 e0 3c 3c 00 00 00
18:34:08.506798: 10 80 e0 3c 3c 00 00 00
18:34:08.526970: 10 80 e0 3c 3c 00 00 00
18:34:08.544033: 10 80 e0 3c 3c 00 00 00
18:34:08.564510: 10 80 e0 3c 3c 00 00 00
18:34:08.585005: 10 80 e0 3c 3c 00 00 00
18:34:08.605501: 10 80 e0 3c 3c 00 00 00
18:34:08.625885: 10 80 e0 3c 3c 00 00 00
18:34:08.646381: 10 80 e0 3c 3c 00 00 00
18:34:08.666678: 10 80 e0 3c 3c 00 00 00
18:34:08.686877: 10 80 e0 3c 3c 00 00 00
18:34:08.703762: 10 80 e0 3c 3c 00 00 00
18:34:08.724281: 10 80 e0 3c 3c 00 00 00
18:34:08.744792: 10 80 e0 3c 3c 00 00 00
18:34:08.765279: 10 80 e0 3c 3c 00 00 00
18:34:08.785653: 10 80 e0 3c 3c 00 00 00
18:34:08.806140: 10 80 e0 3c 3c 00 00 00
18:34:08.826709: 10 80 e0 3c 3c 00 00 00
18:34:08.846742: 10 80 e0 3c 3c 00 00 00
18:34:08.866926: 10 80 e0 3c 3c 00 00 00
18:34:08.883982: 10 80 e0 3c 3c 00 00 00
18:34:08.905233: 10 80 e0 3c 3c 00 00 00
18:34:08.924956: 10 80 e0 3c 3c 00 00 00
18:34:08.945455: 10 80 e0 3c 3c 00 00 00
18:34:08.965956: 10 80 e0 3c 3c 00 00 00
18:34:08.986436: 10 80 e0 3c 3c 00 00 00
18:34:09.006596: 10 80 e0 3c 3c 00 00 00
18:34:09.026798: 10 80 e0 3c 3c 00 00 00
18:34:09.043771: 10 80 e0 3c 3c 00 00 00
18:34:09.064208: 10 80 e0 3c 3c 00 00 00
18:34:09.084731: 10 80 e0 3c 3c 00 00 00
18:34:09.105134: 10 80 e0 3c 3c 00 00 00
18:34:09.126476: 10 80 e0 3c 3c 00 00 00
18:34:09.146064: 10 80 e0 3c 3c 00 00 00
18:34:09.166558: 10 80 e0 3c 3c 00 00 00
18:34:09.186772: 10 80 e0 3c 3c 00 00 00
18:34:09.206893: 10 80 e0 3c 3c 00 00 00
18:34:09.223977: 10 80 e0 3c 3c 00 00 00
18:34:09.244481: 10 80 e0 3c 3c 00 00 00
18:34:09.264923: 10 80 e0 3c 3c 00 00 00
18:34:09.285345: 10 80 e0 3c 3c 00 00 00
18:34:09.305889: 10 80 e0 3c 3c 00 00 00
18:34:09.327067: 10 80 e0 3c 3c 00 00 00
18:34:09.346666: 10 80 e0 3c 3c 00 00 00
18:34:09.366790: 10 80 e0 3c 3c 00 00 00
18:34:09.383646: 10 80 e0 3c 3c 00 00 00
18:34:09.404144: 10 80 e0 3c 3c 00 00 00
18:34:09.424642: 10 80 e0 3c 3c 00 00 00
18:34:09.445617: 10 80 e0 3c 3c 00 00 00
18:34:09.465579: 10 80 e0 3c 3c 00 00 00
18:34:09.486743: 10 80 e0 3c 3c 00 00 00
18:34:09.506514: 10 80 e0 3c 3c 00 00 00
18:34:09.526718: 10 80 e0 3c 3c 00 00 00
18:34:09.546868: 10 80 e0 3c 3c 00 00 00
18:34:09.563955: 10 80 e0 3c 3c 00 00 00
18:34:09.584437: 10 80 e0 3c 3c 00 00 00
18:34:09.604844: 10 80 e0 3c 3c 00 00 00
18:34:09.625480: 10 80 e0 3c 3c 00 00 00
18:34:09.645770: 10 80 e0 3c 3c 00 00 00
18:34:09.666256: 10 80 e0 3c 3c 00 00 00
18:34:09.687359: 10 80 e0 3c 3c 00 00 00
18:34:09.706764: 10 80 e0 3c 3c 00 00 00
18:34:09.723635: 10 80 e0 3c 3c 00 00 00
18:34:09.744137: 10 80 a0 00 00 00 00 00
18:34:09.764676: 10 80 a0 00 00 00 00 00
18:34:09.785023: 10 80 a0 00 00 00 00 00
18:34:09.805548: 10 80 a0 00 00 00 00 00
18:34:09.825973: 10 80 a0 00 00 00 00 00
18:34:09.846469: 10 80 a0 00 00 00 00 00
18:34:09.866650: 10 80 a0 00 00 00 00 00
18:34:09.886867: 10 80 a0 00 00 00 00 00
18:34:09.903822: 10 80 a0 00 00 00 00 00
18:34:09.924348: 10 80 a0 00 00 00 00 00
18:34:09.944828: 10 80 a0 00 00 00 00 00
18:34:09.965324: 10 80 a0 00 00 00 00 00
18:34:09.985781: 10 80 a0 00 00 00 00 00
18:34:10.006257: 10 80 a0 00 00 00 00 00
18:34:10.026597: 10 80 a0 00 00 00 00 00
18:34:10.046733: 10 80 a0 00 00 00 00 00
18:34:10.063628: 10 80 a0 00 00 00 00 00
18:34:10.084066: 10 80 a0 00 00 00 00 00
18:34:10.104592: 10 80 a0 00 00 00 00 00
18:34:10.124990: 10 80 a0 00 00 00 00 00
18:34:10.145439: 10 80 a0 00 00 00 00 00
18:34:10.165961: 10 80 a0 00 00 00 00 00
18:34:10.186459: 10 80 a0 00 00 00 00 00
18:34:10.206660: 10 80 a0 00 00 00 00 00
18:34:10.226812: 10 80 a0 00 00 00 00 00
18:34:10.243843: 10 80 a0 00 00 00 00 00
18:34:10.264429: 10 80 a0 00 00 00 00 00
18:34:10.284853: 10 80 a0 00 00 00 00 00
18:34:10.305190: 10 80 a0 00 00 00 00 00
18:34:10.325727: 10 80 a0 00 00 00 00 00
18:34:10.346163: 10 80 a0 00 00 00 00 00
18:34:10.366460: 10 80 a0 00 00 00 00 00
18:34:10.387305: 10 80 a0 00 00 00 00 00
18:34:10.403568: 10 80 a0 00 00 00 00 00
18:34:10.424083: 10 80 a0 00 00 00 00 00
18:34:10.444485: 10 80 a0 00 00 00 00 00
18:34:10.465790: 10 80 a0 00 00 00 00 00
18:34:10.486193: 10 80 a0 00 00 00 00 00
18:34:10.506016: 10 80 a0 00 00 00 00 00
18:34:10.526423: 10 80 a0 00 00 00 00 00
18:34:10.546620: 10 80 a0 00 00 00 00 00
18:34:10.567536: 10 80 a0 00 00 00 00 00
18:34:10.585130: 10 80 a0 00 00 00 00 00
18:34:10.604914: 10 80 a0 00 00 00 00 00
18:34:10.624745: 10 80 a0 00 00 00 00 00
18:34:10.645211: 10 80 a0 00 00 00 00 00
18:34:10.665677: 10 80 a0 00 00 00 00 00
18:34:10.686156: 10 80 a0 00 00 00 00 00
18:34:10.706560: 10 80 a0 00 00 00 00 00
18:34:10.726703: 10 80 a0 00 00 00 00 00
18:34:10.747475: 10 80 a0 00 00 00 00 00
18:34:10.764173: 10 80 a0 00 00 00 00 00
18:34:10.784490: 10 80 a0 00 00 00 00 00
18:34:10.804993: 10 80 a0 00 00 00 00 00
18:34:10.825483: 10 80 a0 00 00 00 00 00
18:34:10.845970: 10 80 a0 00 00 00 00 00
18:34:10.866357: 10 80 a0 00 00 00 00 00
18:34:10.886586: 10 80 a0 00 00 00 00 00
18:34:10.906704: 10 80 a0 00 00 00 00 00
18:34:10.923759: 10 80 a0 00 00 00 00 00
18:34:10.944207: 10 80 a0 00 00 00 00 00
18:34:10.964734: 10 80 a0 00 00 00 00 00
18:34:10.985120: 10 80 a0 00 00 00 00 00
18:34:11.005645: 10 80 a0 00 00 00 00 00
18:34:11.026257: 10 80 a0 00 00 00 00 00
18:34:11.047200: 10 80 a0 00 00 00 00 00
18:34:11.066685: 10 80 a0 00 00 00 00 00
18:34:11.086777: 10 80 a0 00 00 00 00 00
18:34:11.103991: 10 80 a0 00 00 00 00 00
18:34:11.124468: 10 80 a0 00 00 00 00 00
18:34:11.144899: 10 80 a0 00 00 00 00 00
18:34:11.165343: 10 80 a0 00 00 00 00 00
18:34:11.186540: 10 80 a0 00 00 00 00 00
18:34:11.206315: 10 80 a0 00 00 00 00 00
18:34:11.226554: 10 80 a0 00 00 00 00 00
18:34:11.247378: 10 80 a0 00 00 00 00 00
18:34:11.263650: 10 80 a0 00 00 00 00 00
18:34:11.284972: 10 80 a0 00 00 00 00 00
18:34:11.304665: 10 80 a0 00 00 00 00 00
18:34:11.325175: 10 80 a0 00 00 00 00 00
18:34:11.345562: 10 80 a0 00 00 00 00 00
18:34:11.366466: 10 80 a0 00 00 00 00 00
18:34:11.386473: 10 80 a0 00 00 00 00 00
18:34:11.406615: 10 80 a0 00 00 00 00 00
18:34:11.426733: 10 80 a0 00 00 00 00 00
18:34:11.444556: 10 80 a0 00 00 00 00 00
18:34:11.465134: 10 80 a0 00 00 00 00 00
18:34:11.484933: 10 80 a0 00 00 00 00 00
18:34:11.505399: 10 80 a0 00 00 00 00 00
18:34:11.525812: 10 80 a0 00 00 00 00 00
18:34:11.546372: 10 80 a0 00 00 00 00 00
18:34:11.566556: 10 80 a0 00 00 00 00 00
18:34:11.586637: 10 80 a0 00 00 00 00 00
18:34:11.603614: 10 80 a0 00 00 00 00 00
18:34:11.624131: 10 80 a0 00 00 00 00 00
18:34:11.644638: 10 80 a0 00 00 00 00 00
18:34:11.665028: 10 80 a0 00 00 00 00 00
18:34:11.685540: 10 80 a0 00 00 00 00 00
18:34:11.706018: 10 80 a0 00 00 00 00 00
18:34:11.726394: 10 80 a0 00 00 00 00 00
18:34:11.746590: 10 80 a0 00 00 00 00 00
18:34:11.766679: 10 80 a0 00 00 00 00 00
18:34:11.783934: 10 80 a0 00 00 00 00 00
18:34:11.804359: 10 80 a0 00 00 00 00 00
18:34:11.824897: 10 80 a0 00 00 00 00 00
18:34:11.845243: 10 80 a0 00 00 00 00 00
18:34:11.865807: 10 80 a0 00 00 00 00 00
18:34:11.886223: 10 80 a0 00 00 00 00 00
18:34:11.906492: 10 80 a0 00 00 00 00 00
18:34:11.926665: 10 80 a0 00 00 00 00 00
18:34:11.943590: 10 80 a0 00 00 00 00 00
18:34:11.964061: 10 80 a0 00 00 00 00 00
18:34:11.984627: 10 80 a0 00 00 00 00 00
18:34:12.004989: 10 80 a0 00 00 00 00 00
18:34:12.025526: 10 80 a0 00 00 00 00 00
18:34:12.045983: 10 80 a0 00 00 00 00 00
18:34:12.066409: 10 80 a0 00 00 00 00 00
18:34:12.086531: 10 80 a0 00 00 00 00 00
18:34:12.106648: 10 80 a0 00 00 00 00 00
18:34:12.123887: 10 80 a0 00 00 00 00 00
18:34:12.144253: 10 80 a0 00 00 00 00 00
18:34:12.164788: 10 80 a0 00 00 00 00 00
18:34:12.185438: 10 80 a0 00 00 00 00 00
18:34:12.205804: 10 80 a0 00 00 00 00 00
18:34:12.226193: 10 80 a0 00 00 00 00 00
18:34:12.247109: 10 80 a0 00 00 00 00 00
18:34:12.266622: 10 80 a0 00 00 00 00 00
18:34:12.283555: 10 80 a0 00 00 00 00 00
18:34:12.304036: 10 80 a0 00 00 00 00 00
18:34:12.324482: 10 80 a0 00 00 00 00 00
18:34:12.345062: 10 80 a0 00 00 00 00 00
18:34:12.365542: 10 80 a0 00 00 00 00 00
18:34:12.385943: 10 80 a0 00 00 00 00 00
18:34:12.406371: 10 80 a0 00 00 00 00 00
18:34:12.426548: 10 80 a0 00 00 00 00 00
18:34:12.446655: 10 80 a0 00 00 00 00 00
18:34:12.463863: 10 80 a0 00 00 00 00 00
18:34:12.484268: 10 80 a0 00 00 00 00 00
18:34:12.504825: 10 80 a0 00 00 00 00 00
18:34:12.525241: 10 80 a0 00 00 00 00 00
18:34:12.545705: 10 80 a0 00 00 00 00 00
18:34:12.566090: 10 80 a0 00 00 00 00 00
18:34:12.586451: 10 80 a0 00 00 00 00 00
18:34:12.606558: 10 80 a0 00 00 00 00 00
18:34:12.623504: 10 80 a0 00 00 00 00 00
18:34:12.643998: 10 80 a0 00 00 00 00 00
18:34:12.664449: 10 80 a0 00 00 00 00 00
18:34:12.685003: 10 80 a0 00 00 00 00 00
18:34:12.705475: 10 80 a0 00 00 00 00 00
18:34:12.726448: 10 80 a0 00 00 00 00 00
18:34:12.746353: 10 80 a0 00 00 00 00 00
18:34:12.766517: 10 80 a0 00 00 00 00 00
18:34:12.786636: 10 80 a0 00 00 00 00 00
18:34:12.803773: 10 80 a0 00 00 00 00 00
18:34:12.824352: 10 80 a0 00 00 00 00 00
18:34:12.845465: 10 80 a0 00 00 00 00 00
18:34:12.865106: 10 80 a0 00 00 00 00 00
18:34:12.885569: 10 80 a0 00 00 00 00 00
18:34:12.906042: 10 80 a0 00 00 00 00 00
18:34:12.926406: 10 80 a0 00 00 00 00 00
18:34:12.947037: 10 80 a0 00 00 00 00 00
18:34:12.963523: 10 80 a0 00 00 00 00 00
18:34:12.983937: 10 80 a0 00 00 00 00 00
18:34:13.003942: 10 80 a0 00 00 00 00 00
18:34:13.024680: 10 80 a0 00 00 00 00 00
18:34:13.045468: 10 80 a0 00 00 00 00 00
18:34:13.065640: 10 80 a0 00 00 00 00 00
18:34:13.086130: 10 80 a0 00 00 00 00 00
18:34:13.106743: 10 80 a0 00 00 00 00 00
18:34:13.128025: 10 80 a0 00 00 00 00 00
18:34:13.143717: 10 80 a0 00 00 00 00 00
18:34:13.164143: 10 80 a0 00 00 00 00 00
18:34:13.184676: 10 80 a0 00 00 00 00 00
18:34:13.205739: 10 80 a0 00 00 00 00 00
18:34:13.225531: 10 80 a0 00 00 00 00 00
18:34:13.246026: 10 80 a0 00 00 00 00 00
18:34:13.266340: 10 80 a0 00 00 00 00 00
18:34:13.287200: 10 80 a0 00 00 00 00 00
18:34:13.303399: 10 80 a0 00 00 00 00 00
18:34:13.323849: 10 80 a0 00 00 00 00 00
18:34:13.344378: 10 80 a0 00 00 00 00 00
18:34:13.365585: 10 80 a0 00 00 00 00 00
18:34:13.385377: 10 80 a0 00 00 00 00 00
18:34:13.405788: 10 80 a0 00 00 00 00 00
18:34:13.427038: 10 80 a0 00 00 00 00 00
18:34:13.446503: 10 80 a0 00 00 00 00 00
18:34:13.466619: 10 80 a0 00 00 00 00 00
18:34:13.483678: 10 80 a0 00 00 00 00 00
18:34:13.504104: 10 80 a0 00 00 00 00 00
18:34:13.525326: 10 80 a0 00 00 00 00 00
18:34:13.545741: 10 80 a0 00 00 00 00 00
18:34:13.565510: 10 80 a0 00 00 00 00 00
18:34:13.586073: 10 80 a0 00 00 00 00 00
18:34:13.606316: 10 80 a0 00 00 00 00 00
18:34:13.627200: 10 80 a0 00 00 00 00 00
18:34:13.643486: 10 80 a0 00 00 00 00 00
18:34:13.663838: 10 80 a0 00 00 00 00 00
18:34:13.684328: 10 80 a0 00 00 00 00 00
18:34:13.704783: 10 80 a0 00 00 00 00 00
18:34:13.725308: 10 80 a0 00 00 00 00 00
18:34:13.745880: 10 80 a0 00 00 00 00 00
18:34:13.766292: 10 80 a0 00 00 00 00 00
18:34:13.786483: 10 80 a0 00 00 00 00 00
18:34:13.807317: 10 80 a0 00 00 00 00 00
18:34:13.823602: 10 80 a0 00 00 00 00 00
18:34:13.844055: 10 80 a0 00 00 00 00 00
18:34:13.864516: 10 80 a0 00 00 00 00 00
18:34:13.885094: 10 80 a0 00 00 00 00 00
18:34:13.905519: 10 80 a0 00 00 00 00 00
18:34:13.925947: 10 80 a0 00 00 00 00 00
18:34:13.946277: 10 80 a0 00 00 00 00 00
18:34:13.966470: 10 80 a0 00 00 00 00 00
18:34:13.983350: 10 80 a0 00 00 00 00 00
18:34:14.003820: 10 80 a0 00 00 00 00 00
18:34:14.024296: 10 80 a0 00 00 00 00 00
18:34:14.044833: 10 80 a0 00 00 00 00 00
18:34:14.065303: 10 80 a0 00 00 00 00 00
18:34:14.085846: 10 80 a0 00 00 00 00 00
18:34:14.106251: 10 80 a0 00 00 00 00 00
18:34:14.126392: 10 80 a0 00 00 00 00 00
18:34:14.147233: 10 80 a0 00 00 00 00 00
18:34:14.162890: 10 80 a0 00 00 00 00 00
18:34:14.183968: 10 80 a0 00 00 00 00 00
18:34:14.204541: 10 80 a0 00 00 00 00 00
18:34:14.225015: 10 80 a0 00 00 00 00 00
18:34:14.245471: 10 80 a0 00 00 00 00 00
18:34:14.265982: 10 80 a0 00 00 00 00 00
18:34:14.286237: 10 80 a0 00 00 00 00 00
18:34:14.306412: 10 80 a0 00 00 00 00 00
18:34:14.323348: 10 80 a0 00 00 00 00 00
18:34:14.343841: 10 80 a0 00 00 00 00 00
18:34:14.364213: 10 80 a0 00 00 00 00 00
18:34:14.384770: 10 80 a0 00 00 00 00 00
18:34:14.405281: 10 80 a0 00 00 00 00 00
18:34:14.425730: 10 80 a0 00 00 00 00 00
18:34:14.446233: 10 80 a0 00 00 00 00 00
18:34:14.467043: 10 80 a0 00 00 00 00 00
18:34:14.487212: 10 80 a0 00 00 00 00 00
18:34:14.503488: 10 80 a0 00 00 00 00 00
18:34:14.523957: 10 80 a0 00 00 00 00 00
18:34:14.544402: 10 80 a0 00 00 00 00 00
18:34:14.564946: 10 80 a0 00 00 00 00 00
18:34:14.585358: 10 80 a0 00 00 00 00 00
18:34:14.605962: 10 80 a0 00 00 00 00 00
18:34:14.626303: 10 80 a0 00 00 00 00 00
18:34:14.646458: 10 80 a0 00 00 00 00 00
18:34:14.667204: 10 80 a0 00 00 00 00 00
18:34:14.683757: 10 80 a0 00 00 00 00 00
18:34:14.704208: 10 80 a0 00 00 00 00 00
18:34:14.724692: 10 80 a0 00 00 00 00 00
18:34:14.745335: 10 80 a0 00 00 00 00 00
18:34:14.765692: 10 80 a0 00 00 00 00 00
18:34:14.786159: 10 80 a0 00 00 00 00 00
18:34:14.806407: 10 80 a0 00 00 00 00 00
18:34:14.826442: 10 80 a0 00 00 00 00 00
18:34:14.843793: 10 80 a0 00 00 00 00 00
18:34:14.863921: 10 80 a0 00 00 00 00 00
18:34:14.884402: 10 80 a0 00 00 00 00 00
18:34:14.904898: 10 80 a0 00 00 00 00 00
18:34:14.925365: 10 80 a0 00 00 00 00 00
18:34:14.945865: 10 80 a0 00 00 00 00 00
18:34:14.966215: 10 80 a0 00 00 00 00 00
18:34:14.986426: 10 80 a0 00 00 00 00 00
18:34:15.007219: 10 80 a0 00 00 00 00 00
18:34:15.023671: 10 80 a0 00 00 00 00 00
18:34:15.044117: 10 80 a0 00 00 00 00 00
18:34:15.064679: 10 80 a0 00 00 00 00 00
18:34:15.085154: 10 80 a0 00 00 00 00 00
18:34:15.105575: 10 80 a0 00 00 00 00 00
18:34:15.126099: 10 80 a0 00 00 00 00 00
18:34:15.146348: 10 80 a0 00 00 00 00 00
18:34:15.167094: 10 80 a0 00 00 00 00 00
18:34:15.184217: 10 80 a0 00 00 00 00 00
18:34:15.203577: 10 80 a0 00 00 00 00 00
18:34:15.224390: 10 80 a0 00 00 00 00 00
18:34:15.244859: 10 80 a0 00 00 00 00 00
18:34:15.265356: 10 80 a0 00 00 00 00 00
18:34:15.285811: 10 80 a0 00 00 00 00 00
18:34:15.306186: 10 80 a0 00 00 00 00 00
18:34:15.326397: 10 80 a0 00 00 00 00 00
18:34:15.347194: 10 80 a0 00 00 00 00 00
18:34:15.363640: 10 80 a0 00 00 00 00 00
18:34:15.384199: 10 80 a0 00 00 00 00 00
18:34:15.404564: 10 80 a0 00 00 00 00 00
18:34:15.425041: 10 80 a0 00 00 00 00 00
18:34:15.445530: 10 80 a0 00 00 00 00 00
18:34:15.465988: 10 80 a0 00 00 00 00 00
18:34:15.486245: 10 80 a0 00 00 00 00 00
18:34:15.506452: 10 80 a0 00 00 00 00 00
18:34:15.523403: 10 80 a0 00 00 00 00 00
18:34:15.543641: 10 80 a0 00 00 00 00 00
18:34:15.563837: 10 80 a0 00 00 00 00 00
18:34:15.585067: 10 80 a0 00 00 00 00 00
18:34:15.605991: 10 80 a0 00 00 00 00 00
18:34:15.625836: 10 80 a0 00 00 00 00 00
18:34:15.646156: 10 80 a0 00 00 00 00 00
18:34:15.666058: 10 80 a0 00 00 00 00 00
18:34:15.686469: 10 80 a0 00 00 00 00 00
18:34:15.704366: 10 80 a0 00 00 00 00 00
18:34:15.724146: 10 80 a0 00 00 00 00 00
18:34:15.744597: 10 80 a0 00 00 00 00 00
18:34:15.764977: 10 80 a0 00 00 00 00 00
18:34:15.785496: 10 80 a0 00 00 00 00 00
18:34:15.805956: 10 80 a0 00 00 00 00 00
18:34:15.826262: 10 80 a0 00 00 00 00 00
18:34:15.846369: 10 80 a0 00 00 00 00 00
18:34:15.863412: 10 80 a0 00 00 00 00 00
18:34:15.883784: 10 80 a0 00 00 00 00 00
18:34:15.904337: 10 80 a0 00 00 00 00 00
18:34:15.924800: 10 80 a0 00 00 00 00 00
18:34:15.945234: 10 80 a0 00 00 00 00 00
18:34:15.965791: 10 80 a0 00 00 00 00 00
18:34:15.986183: 10 80 a0 00 00 00 00 00
18:34:16.006387: 10 80 a0 00 00 00 00 00
18:34:16.026470: 10 80 a0 00 00 00 00 00
18:34:16.043661: 10 80 a0 00 00 00 00 00
18:34:16.064046: 10 80 a0 00 00 00 00 00
18:34:16.084555: 10 80 a0 00 00 00 00 00
18:34:16.105062: 10 80 a0 00 00 00 00 00
18:34:16.125432: 10 80 a0 00 00 00 00 00
18:34:16.145884: 10 80 a0 00 00 00 00 00
18:34:16.166210: 10 80 a0 00 00 00 00 00
18:34:16.186276: 10 80 a0 00 00 00 00 00
18:34:16.203361: 10 80 a0 00 00 00 00 00
18:34:16.223806: 10 80 a0 00 00 00 00 00
18:34:16.244251: 10 80 a0 00 00 00 00 00
18:34:16.264816: 10 80 a0 00 00 00 00 00
18:34:16.285241: 10 80 a0 00 00 00 00 00
18:34:16.305689: 10 80 a0 00 00 00 00 00
18:34:16.326126: 10 80 a0 00 00 00 00 00
18:34:16.346302: 10 80 a0 00 00 00 00 00
18:34:16.366430: 10 80 a0 00 00 00 00 00
18:34:16.383534: 10 80 a0 00 00 00 00 00
18:34:16.404017: 10 80 a0 00 00 00 00 00
18:34:16.424504: 10 80 a0 00 00 00 00 00
18:34:16.444926: 10 80 a0 00 00 00 00 00
18:34:16.465391: 10 80 a0 00 00 00 00 00
18:34:16.485926: 10 80 a0 00 00 00 00 00
18:34:16.506890: 10 80 a0 00 00 00 00 00
18:34:16.526318: 10 80 a0 00 00 00 00 00
18:34:16.543278: 10 80 a0 00 00 00 00 00
18:34:16.563755: 10 80 a0 00 00 00 00 00
18:34:16.584201: 10 80 a0 00 00 00 00 00
18:34:16.604822: 10 80 a0 00 00 00 00 00
18:34:16.625205: 10 80 a0 00 00 00 00 00
18:34:16.645636: 10 80 a0 00 00 00 00 00
18:34:16.666231: 10 80 a0 00 00 00 00 00
18:34:16.686249: 10 80 a0 00 00 00 00 00
18:34:16.706432: 10 80 a0 00 00 00 00 00
18:34:16.723563: 10 80 a0 00 00 00 00 00
18:34:16.743970: 10 80 a0 00 00 00 00 00
18:34:16.764490: 10 80 a0 00 00 00 00 00
18:34:16.785005: 10 80 a0 00 00 00 00 00
18:34:16.805370: 10 80 a0 00 00 00 00 00
18:34:16.825834: 10 80 a0 00 00 00 00 00
18:34:16.846178: 10 80 a0 00 00 00 00 00
18:34:16.866366: 10 80 a0 00 00 00 00 00
18:34:16.883295: 10 80 a0 00 00 00 00 00
18:34:16.903776: 10 80 a0 00 00 00 00 00
18:34:16.924209: 10 80 a0 00 00 00 00 00
18:34:16.944698: 10 80 a0 00 00 00 00 00
18:34:16.965083: 10 80 a0 00 00 00 00 00
18:34:16.985568: 10 80 a0 00 00 00 00 00
18:34:17.006102: 10 80 a0 00 00 00 00 00
18:34:17.026252: 10 80 a0 00 00 00 00 00
18:34:17.046372: 10 80 a0 00 00 00 00 00
18:34:17.063428: 10 80 a0 00 00 00 00 00
18:34:17.083951: 10 80 a0 00 00 00 00 00
18:34:17.104428: 10 80 a0 00 00 00 00 00
18:34:17.124824: 10 80 a0 00 00 00 00 00
18:34:17.145263: 10 80 a0 00 00 00 00 00
18:34:17.165843: 10 80 a0 00 00 00 00 00
18:34:17.186137: 10 80 a0 00 00 00 00 00
18:34:17.206305: 10 80 a0 00 00 00 00 00
18:34:17.223329: 10 80 a0 00 00 00 00 00
18:34:17.243671: 10 80 a0 00 00 00 00 00
18:34:17.264164: 10 80 a0 00 00 00 00 00
18:34:17.284615: 10 80 a0 00 00 00 00 00
18:34:17.305235: 10 80 a0 00 00 00 00 00
18:34:17.325581: 10 80 a0 00 00 00 00 00
18:34:17.346108: 10 80 a0 00 00 00 00 00
18:34:17.366280: 10 80 a0 00 00 00 00 00
18:34:17.386389: 10 80 a0 00 00 00 00 00
18:34:17.403513: 10 80 a0 00 00 00 00 00
18:34:17.423888: 10 80 a0 00 00 00 00 00
18:34:17.444295: 10 80 a0 00 00 00 00 00
18:34:17.464811: 10 80 a0 00 00 00 00 00
18:34:17.485331: 10 80 a0 00 00 00 00 00
18:34:17.505751: 10 80 a0 00 00 00 00 00
18:34:17.526093: 10 80 a0 00 00 00 00 00
18:34:17.546310: 10 80 a0 00 00 00 00 00
18:34:17.563151: 10 80 a0 00 00 00 00 00
18:34:17.583618: 10 80 a0 00 00 00 00 00
18:34:17.604151: 10 80 a0 00 00 00 00 00
18:34:17.624621: 10 80 a0 00 00 00 00 00
18:34:17.645012: 10 80 a0 00 00 00 00 00
18:34:17.665467: 10 80 a0 00 00 00 00 00
18:34:17.685934: 10 80 a0 00 00 00 00 00
18:34:17.706177: 10 80 a0 00 00 00 00 00
18:34:17.726350: 10 80 a0 00 00 00 00 00
18:34:17.743420: 10 80 a0 00 00 00 00 00
18:34:17.763819: 10 80 a0 00 00 00 00 00
18:34:17.784303: 10 80 a0 00 00 00 00 00
18:34:17.804826: 10 80 a0 00 00 00 00 00
18:34:17.825282: 10 80 a0 00 00 00 00 00
18:34:17.845703: 10 80 a0 00 00 00 00 00
18:34:17.866071: 10 80 a0 00 00 00 00 00
18:34:17.886209: 10 80 a0 00 00 00 00 00
18:34:17.903147: 10 80 a0 00 00 00 00 00
18:34:17.923582: 10 80 a0 00 00 00 00 00
18:34:17.944281: 10 80 a0 00 00 00 00 00
18:34:17.964561: 10 80 a0 00 00 00 00 00
18:34:17.985048: 10 80 a0 00 00 00 00 00
18:34:18.005537: 10 80 a0 00 00 00 00 00
18:34:18.025922: 10 80 a0 00 00 00 00 00
18:34:18.046174: 10 80 a0 00 00 00 00 00
18:34:18.066299: 10 80 a0 00 00 00 00 00
18:34:18.083385: 10 80 a0 00 00 00 00 00
18:34:18.103786: 10 80 a0 00 00 00 00 00
18:34:18.124244: 10 80 a0 00 00 00 00 00
18:34:18.144708: 10 80 a0 00 00 00 00 00
18:34:18.165174: 10 80 a0 00 00 00 00 00
18:34:18.185756: 10 80 a0 00 00 00 00 00
18:34:18.206031: 10 80 a0 00 00 00 00 00
18:34:18.226237: 10 80 a0 00 00 00 00 00
18:34:18.247039: 10 80 a0 00 00 00 00 00
18:34:18.263512: 10 80 a0 00 00 00 00 00
18:34:18.284031: 10 80 a0 00 00 00 00 00
18:34:18.304465: 10 80 a0 00 00 00 00 00
18:34:18.324961: 10 80 a0 00 00 00 00 00
18:34:18.345415: 10 80 a0 00 00 00 00 00
18:34:18.365926: 10 80 a0 00 00 00 00 00
18:34:18.463925: 10 80 a0 00 00 00 00 00
18:34:18.467947: 10 80 a0 00 00 00 00 00
18:34:18.471770: 10 80 a0 00 00 00 00 00
18:34:18.475471: 10 80 a0 00 00 00 00 00
18:34:18.479587: 10 80 a0 00 00 00 00 00
18:34:18.486133: 10 80 a0 00 00 00 00 00
18:34:18.505388: 10 80 a0 00 00 00 00 00
18:34:18.525867: 10 80 a0 00 00 00 00 00
18:34:18.546190: 10 80 a0 00 00 00 00 00
18:34:18.566212: 10 80 a0 00 00 00 00 00
18:34:18.586949: 10 80 a0 00 00 00 00 00
18:34:18.603471: 10 80 a0 00 00 00 00 00
18:34:18.623959: 10 80 a0 00 00 00 00 00
18:34:18.644413: 10 80 a0 00 00 00 00 00
18:34:18.664886: 10 80 a0 00 00 00 00 00
18:34:18.685309: 10 80 a0 00 00 00 00 00
18:34:18.706519: 10 80 a0 00 00 00 00 00
18:34:18.726086: 10 80 a0 00 00 00 00 00
18:34:18.746228: 10 80 a0 00 00 00 00 00
18:34:18.763304: 10 80 a0 00 00 00 00 00
18:34:18.783747: 10 80 a0 00 00 00 00 00
18:34:18.804171: 10 80 a0 00 00 00 00 00
18:34:18.824700: 10 80 a0 00 00 00 00 00
18:34:18.845166: 10 80 a0 00 00 00 00 00
18:34:18.865552: 10 80 a0 00 00 00 00 00
18:34:18.885960: 10 80 a0 00 00 00 00 00
18:34:18.906176: 10 80 a0 00 00 00 00 00
18:34:18.926277: 10 80 a0 00 00 00 00 00
18:34:18.943542: 10 80 a0 00 00 00 00 00
18:34:18.963891: 10 80 a0 00 00 00 00 00
18:34:18.984357: 10 80 a0 00 00 00 00 00
18:34:19.004843: 10 80 a0 00 00 00 00 00
18:34:19.025420: 10 80 a0 00 00 00 00 00
18:34:19.045842: 10 80 a0 00 00 00 00 00
18:34:19.066046: 10 80 a0 00 00 00 00 00
18:34:19.086270: 10 80 a0 00 00 00 00 00
18:34:19.103282: 10 80 a0 00 00 00 00 00
18:34:19.123665: 10 80 a0 00 00 00 00 00
18:34:19.144794: 10 80 a0 00 00 00 00 00
18:34:19.164649: 10 80 a0 00 00 00 00 00
18:34:19.185043: 10 80 a0 00 00 00 00 00
18:34:19.205527: 10 80 a0 00 00 00 00 00
18:34:19.226004: 10 80 a0 00 00 00 00 00
18:34:19.246111: 10 80 a0 00 00 00 00 00
18:34:19.266947: 10 80 a0 00 00 00 00 00
18:34:19.284210: 10 80 a0 00 00 00 00 00
18:34:19.303813: 10 80 a0 00 00 00 00 00
18:34:19.324311: 10 80 a0 00 00 00 00 00
18:34:19.344761: 10 80 a0 00 00 00 00 00
18:34:19.365291: 10 80 a0 00 00 00 00 00
18:34:19.385746: 10 80 a0 00 00 00 00 00
18:34:19.406036: 10 80 a0 00 00 00 00 00
18:34:19.426253: 10 80 a0 00 00 00 00 00
18:34:19.443206: 10 80 a0 00 00 00 00 00
18:34:19.463677: 10 80 a0 00 00 00 00 00
18:34:19.484082: 10 80 a0 00 00 00 00 00
18:34:19.505286: 10 80 a0 00 00 00 00 00
18:34:19.525132: 10 80 a0 00 00 00 00 00
18:34:19.545488: 10 80 a0 00 00 00 00 00
18:34:19.566034: 10 80 a0 00 00 00 00 00
18:34:19.586108: 10 80 a0 00 00 00 00 00
18:34:19.606236: 10 80 a0 00 00 00 00 00
18:34:19.623421: 10 80 a0 00 00 00 00 00
18:34:19.643813: 10 80 a0 00 00 00 00 00
18:34:19.664498: 10 80 a0 00 00 00 00 00
18:34:19.685544: 10 80 a0 00 00 00 00 00
18:34:19.705264: 10 80 a0 00 00 00 00 00
18:34:19.725872: 10 80 a0 00 00 00 00 00
18:34:19.745962: 10 80 a0 00 00 00 00 00
18:34:19.766147: 10 80 a0 00 00 00 00 00
18:34:19.783221: 10 80 a0 00 00 00 00 00
18:34:19.803323: 10 80 a0 00 00 00 00 00
18:34:19.824768: 10 80 a0 00 00 00 00 00
18:34:19.844516: 10 80 a0 00 00 00 00 00
18:34:19.864368: 10 80 a0 00 00 00 00 00
18:34:19.885252: 10 80 a0 00 00 00 00 00
18:34:19.906661: 10 80 a0 00 00 00 00 00
18:34:19.926185: 10 80 a0 00 00 00 00 00
18:34:19.946193: 10 80 a0 00 00 00 00 00
18:34:19.964201: 10 80 a0 00 00 00 00 00
18:34:19.983801: 10 80 a0 00 00 00 00 00
18:34:20.004241: 10 80 a0 00 00 00 00 00
18:34:20.024712: 10 80 a0 00 00 00 00 00
18:34:20.045250: 10 80 a0 00 00 00 00 00
18:34:20.065760: 10 80 a0 00 00 00 00 00
18:34:20.085977: 10 80 a0 00 00 00 00 00
18:34:20.106137: 10 80 a0 00 00 00 00 00
18:34:20.123151: 10 80 a0 00 00 00 00 00
18:34:20.143525: 10 80 a0 00 00 00 00 00
18:34:20.163978: 10 80 a0 00 00 00 00 00
18:34:20.184481: 10 80 a0 00 00 00 00 00
18:34:20.205019: 10 80 a0 00 00 00 00 00
18:34:20.225387: 10 80 a0 00 00 00 00 00
18:34:20.245882: 10 80 a0 00 00 00 00 00
18:34:20.266030: 10 80 a0 00 00 00 00 00
18:34:20.286180: 10 80 a0 00 00 00 00 00
18:34:20.304717: 10 80 a0 00 00 00 00 00
18:34:20.324063: 10 80 a0 00 00 00 00 00
18:34:20.344882: 10 80 a0 00 00 00 00 00
18:34:20.365471: 10 80 a0 00 00 00 00 00
18:34:20.385159: 10 80 a0 00 00 00 00 00
18:34:20.405719: 10 80 a0 00 00 00 00 00
18:34:20.425998: 10 80 a0 00 00 00 00 00
18:34:20.446139: 10 80 a0 00 00 00 00 00
18:34:20.463301: 10 80 a0 00 00 00 00 00
18:34:20.483568: 10 80 a0 00 00 00 00 00
18:34:20.504006: 10 80 a0 00 00 00 00 00
18:34:20.524433: 10 80 a0 00 00 00 00 00
18:34:20.544965: 10 80 a0 00 00 00 00 00
18:34:20.565450: 10 80 a0 00 00 00 00 00
18:34:20.585847: 10 80 a0 00 00 00 00 00
18:34:20.606728: 10 80 a0 00 00 00 00 00
18:34:20.626798: 10 80 a0 00 00 00 00 00
18:34:20.644004: 10 80 a0 00 00 00 00 00
18:34:20.663661: 10 80 a0 00 00 00 00 00
18:34:20.684114: 10 80 a0 00 00 00 00 00
18:34:20.704668: 10 80 a0 00 00 00 00 00
18:34:20.725078: 10 80 a0 00 00 00 00 00
18:34:20.745598: 10 80 a0 00 00 00 00 00
18:34:20.765894: 10 80 a0 00 00 00 00 00
18:34:20.786134: 10 80 a0 00 00 00 00 00
18:34:20.803037: 10 80 a0 00 00 00 00 00
18:34:20.823551: 10 80 a0 00 00 00 00 00
18:34:20.843921: 10 80 a0 00 00 00 00 00
18:34:20.864430: 10 80 a0 00 00 00 00 00
18:34:20.885433: 10 80 a0 00 00 00 00 00
18:34:20.905327: 10 80 a0 00 00 00 00 00
18:34:20.925787: 10 80 a0 00 00 00 00 00
18:34:20.945976: 10 80 a0 00 00 00 00 00
18:34:20.966027: 10 80 a0 00 00 00 00 00
18:34:20.983244: 10 80 a0 00 00 00 00 00
18:34:21.003642: 10 80 a0 00 00 00 00 00
18:34:21.024122: 10 80 a0 00 00 00 00 00
18:34:21.044634: 10 80 a0 00 00 00 00 00
18:34:21.065147: 10 80 a0 00 00 00 00 00
18:34:21.085518: 10 80 a0 00 00 00 00 00
18:34:21.105912: 10 80 a0 00 00 00 00 00
18:34:21.126047: 10 80 a0 00 00 00 00 00
18:34:21.143141: 10 80 a0 00 00 00 00 00
18:34:21.163525: 10 80 a0 00 00 00 00 00
18:34:21.183916: 10 80 a0 00 00 00 00 00
18:34:21.205468: 10 80 a0 00 00 00 00 00
18:34:21.224870: 10 80 a0 00 00 00 00 00
18:34:21.245287: 10 80 a0 00 00 00 00 00
18:34:21.265834: 10 80 a0 00 00 00 00 00
18:34:21.285935: 10 80 a0 00 00 00 00 00
18:34:21.306523: 10 80 a0 00 00 00 00 00
18:34:21.323193: 10 80 a0 00 00 00 00 00
18:34:21.343677: 10 80 a0 00 00 00 00 00
18:34:21.364078: 10 80 a0 00 00 00 00 00
18:34:21.384595: 10 80 a0 00 00 00 00 00
18:34:21.405062: 10 80 a0 00 00 00 00 00
18:34:21.425488: 10 80 a0 00 00 00 00 00
18:34:21.445851: 10 80 a0 00 00 00 00 00
18:34:21.465992: 10 80 a0 00 00 00 00 00
18:34:21.482967: 10 80 a0 00 00 00 00 00
18:34:21.503418: 10 80 a0 00 00 00 00 00
18:34:21.523843: 10 80 a0 00 00 00 00 00
18:34:21.544358: 10 80 a0 00 00 00 00 00
18:34:21.564824: 10 80 a0 00 00 00 00 00
18:34:21.585189: 10 80 a0 00 00 00 00 00
18:34:21.606432: 10 80 a0 00 00 00 00 00
18:34:21.625832: 10 80 a0 00 00 00 00 00
18:34:21.646120: 10 80 a0 00 00 00 00 00
18:34:21.663166: 10 80 a0 00 00 00 00 00
18:34:21.683545: 10 80 a0 00 00 00 00 00
18:34:21.704081: 10 80 a0 00 00 00 00 00
18:34:21.724561: 10 80 a0 00 00 00 00 00
18:34:21.744980: 10 80 a0 00 00 00 00 00
18:34:21.765438: 10 80 a0 00 00 00 00 00
18:34:21.785825: 10 80 a0 00 00 00 00 00
18:34:21.805971: 10 80 a0 00 00 00 00 00
18:34:21.823009: 10 80 a0 00 00 00 00 00
18:34:21.843380: 10 80 a0 00 00 00 00 00
18:34:21.863818: 10 80 a0 00 00 00 00 00
18:34:21.884306: 10 80 a0 00 00 00 00 00
18:34:21.905180: 10 80 a0 00 00 00 00 00
18:34:21.925141: 10 80 a0 00 00 00 00 00
18:34:21.945775: 10 80 a0 00 00 00 00 00
18:34:21.965885: 10 80 a0 00 00 00 00 00
18:34:21.986758: 10 80 a0 00 00 00 00 00
18:34:22.003099: 10 80 a0 00 00 00 00 00
18:34:22.023496: 10 80 a0 00 00 00 00 00
18:34:22.044798: 10 80 a0 00 00 00 00 00
18:34:22.064496: 10 80 a0 00 00 00 00 00
18:34:22.084967: 10 80 a0 00 00 00 00 00
18:34:22.105456: 10 80 a0 00 00 00 00 00
18:34:22.125798: 10 80 a0 00 00 00 00 00
18:34:22.146056: 10 80 a0 00 00 00 00 00
18:34:22.166745: 10 80 a0 00 00 00 00 00
18:34:22.183408: 10 80 a0 00 00 00 00 00
18:34:22.203740: 10 80 a0 00 00 00 00 00
18:34:22.224260: 10 80 a0 00 00 00 00 00
18:34:22.244712: 10 80 a0 00 00 00 00 00
18:34:22.265115: 10 80 a0 00 00 00 00 00
18:34:22.285618: 10 80 a0 00 00 00 00 00
18:34:22.305869: 10 80 a0 00 00 00 00 00
18:34:22.325992: 10 80 a0 00 00 00 00 00
18:34:22.343148: 10 80 a0 00 00 00 00 00
18:34:22.363589: 10 80 a0 00 00 00 00 00
18:34:22.383946: 10 80 a0 00 00 00 00 00
18:34:22.404467: 10 80 a0 00 00 00 00 00
18:34:22.425091: 10 80 a0 00 00 00 00 00
18:34:22.445469: 10 80 a0 00 00 00 00 00
18:34:22.465803: 10 80 a0 00 00 00 00 00
18:34:22.485931: 10 80 a0 00 00 00 00 00
18:34:22.506094: 10 80 a0 00 00 00 00 00
18:34:22.523288: 10 80 a0 00 00 00 00 00
18:34:22.543739: 10 80 a0 00 00 00 00 00
18:34:22.564184: 10 80 a0 00 00 00 00 00
18:34:22.584661: 10 80 a0 00 00 00 00 00
18:34:22.605158: 10 80 a0 00 00 00 00 00
18:34:22.625637: 10 80 a0 00 00 00 00 00
18:34:22.645848: 10 80 a0 00 00 00 00 00
18:34:22.665960: 10 80 a0 00 00 00 00 00
18:34:22.682982: 10 80 a0 00 00 00 00 00
18:34:22.703439: 10 80 a0 00 00 00 00 00
18:34:22.723990: 10 80 a0 00 00 00 00 00
18:34:22.744435: 10 80 a0 00 00 00 00 00
18:34:22.764844: 10 80 a0 00 00 00 00 00
18:34:22.785321: 10 80 a0 00 00 00 00 00
18:34:22.805758: 10 80 a0 00 00 00 00 00
18:34:22.825879: 10 80 a0 00 00 00 00 00
18:34:22.846116: 10 80 a0 00 00 00 00 00
18:34:22.863328: 10 80 a0 00 00 00 00 00
18:34:22.883673: 10 80 a0 00 00 00 00 00
18:34:22.904138: 10 80 a0 00 00 00 00 00
18:34:22.924587: 10 80 a0 00 00 00 00 00
18:34:22.945075: 10 80 a0 00 00 00 00 00
18:34:22.965504: 10 80 a0 00 00 00 00 00
18:34:22.985798: 10 80 a0 00 00 00 00 00
18:34:23.005994: 10 80 a0 00 00 00 00 00
18:34:23.023780: 10 80 a0 00 00 00 00 00
18:34:23.043410: 10 80 a0 00 00 00 00 00
18:34:23.063947: 10 80 a0 00 00 00 00 00
18:34:23.084369: 10 80 a0 00 00 00 00 00
18:34:23.104851: 10 80 a0 00 00 00 00 00
18:34:23.125275: 10 80 a0 00 00 00 00 00
18:34:23.145725: 10 80 a0 00 00 00 00 00
18:34:23.165853: 10 80 a0 00 00 00 00 00
18:34:23.185957: 10 80 a0 00 00 00 00 00
18:34:23.203921: 10 80 a0 00 00 00 00 00
18:34:23.223617: 10 80 a0 00 00 00 00 00
18:34:23.244763: 10 80 a0 00 00 00 00 00
18:34:23.264528: 10 80 a0 00 00 00 00 00
18:34:23.285008: 10 80 a0 00 00 00 00 00
18:34:23.305522: 10 80 a0 00 00 00 00 00
18:34:23.325778: 10 80 a0 00 00 00 00 00
18:34:23.345932: 10 80 a0 00 00 00 00 00
18:34:23.362990: 10 80 a0 00 00 00 00 00
18:34:23.383459: 10 80 a0 00 00 00 00 00
18:34:23.404438: 10 80 a0 00 00 00 00 00
18:34:23.424317: 10 80 a0 00 00 00 00 00
18:34:23.444832: 10 80 a0 00 00 00 00 00
18:34:23.465344: 10 80 a0 00 00 00 00 00
18:34:23.485787: 10 80 a0 00 00 00 00 00
18:34:23.505849: 10 80 a0 00 00 00 00 00
18:34:23.526042: 10 80 a0 00 00 00 00 00
18:34:23.543154: 10 80 a0 00 00 00 00 00
18:34:23.563595: 10 80 a0 00 00 00 00 00
18:34:23.584030: 10 80 a0 00 00 00 00 00
18:34:23.604543: 10 80 a0 00 00 00 00 00
18:34:23.624985: 10 80 a0 00 00 00 00 00
18:34:23.645426: 10 80 a0 00 00 00 00 00
18:34:23.665696: 10 80 a0 00 00 00 00 00
18:34:23.686652: 10 80 a0 00 00 00 00 00
18:34:23.702898: 10 80 a0 00 00 00 00 00
18:34:23.723355: 10 80 a0 00 00 00 00 00
18:34:23.743793: 10 80 a0 00 00 00 00 00
18:34:23.764340: 10 80 a0 00 00 00 00 00
18:34:23.784830: 10 80 a0 00 00 00 00 00
18:34:23.805205: 10 80 a0 00 00 00 00 00
18:34:23.825691: 10 80 a0 00 00 00 00 00
18:34:23.845832: 10 80 a0 00 00 00 00 00
18:34:23.866000: 10 80 a0 00 00 00 00 00
18:34:23.883094: 10 80 a0 00 00 00 00 00
18:34:23.903610: 10 80 a0 00 00 00 00 00
18:34:23.923976: 10 80 a0 00 00 00 00 00
18:34:23.944442: 10 80 a0 00 00 00 00 00
18:34:23.964928: 10 80 a0 00 00 00 00 00
18:34:23.985372: 10 80 a0 00 00 00 00 00
18:34:24.005718: 10 80 a0 00 00 00 00 00
18:34:24.025848: 10 80 a0 00 00 00 00 00
18:34:24.042912: 10 80 a0 00 00 00 00 00
18:34:24.063417: 10 80 a0 00 00 00 00 00
18:34:24.084484: 10 80 a0 00 00 00 00 00
18:34:24.104257: 10 80 a0 00 00 00 00 00
18:34:24.124767: 10 80 a0 00 00 00 00 00
18:34:24.145240: 10 80 a0 00 00 00 00 00
18:34:24.165734: 10 80 a0 00 00 00 00 00
18:34:24.186509: 10 80 a0 00 00 00 00 00
18:34:24.205988: 10 80 a0 00 00 00 00 00
18:34:24.223036: 10 80 a0 00 00 00 00 00
18:34:24.243570: 10 80 a0 00 00 00 00 00
18:34:24.263984: 10 80 a0 00 00 00 00 00
18:34:24.284368: 10 80 a0 00 00 00 00 00
18:34:24.304859: 10 80 a0 00 00 00 00 00
18:34:24.325354: 10 80 a0 00 00 00 00 00
18:34:24.345760: 10 80 a0 00 00 00 00 00
18:34:24.365885: 10 80 a0 00 00 00 00 00
18:34:24.382950: 10 80 a0 00 00 00 00 00
18:34:24.403308: 10 80 a0 00 00 00 00 00
18:34:24.423749: 10 80 a0 00 00 00 00 00
18:34:24.444178: 10 80 a0 00 00 00 00 00
18:34:24.464756: 10 80 a0 00 00 00 00 00
18:34:24.485156: 10 80 a0 00 00 00 00 00
18:34:24.505641: 10 80 a0 00 00 00 00 00
18:34:24.526486: 10 80 a0 00 00 00 00 00
18:34:24.545891: 10 80 a0 00 00 00 00 00
18:34:24.563115: 10 80 a0 00 00 00 00 00
18:34:24.584169: 10 80 a0 00 00 00 00 00
18:34:24.603849: 10 80 a0 00 00 00 00 00
18:34:24.624365: 10 80 a0 00 00 00 00 00
18:34:24.644890: 10 80 a0 00 00 00 00 00
18:34:24.665401: 10 80 a0 00 00 00 00 00
18:34:24.685656: 10 80 a0 00 00 00 00 00
18:34:24.705885: 10 80 a0 00 00 00 00 00
18:34:24.722809: 10 80 a0 00 00 00 00 00
18:34:24.743990: 10 80 a0 00 00 00 00 00
18:34:24.763701: 10 80 a0 00 00 00 00 00
18:34:24.784131: 10 80 a0 00 00 00 00 00
18:34:24.804597: 10 80 a0 00 00 00 00 00
18:34:24.825080: 10 80 a0 00 00 00 00 00
18:34:24.845549: 10 80 a0 00 00 00 00 00
18:34:24.865794: 10 80 a0 00 00 00 00 00
18:34:24.885812: 10 80 a0 00 00 00 00 00
18:34:24.903798: 10 80 a0 00 00 00 00 00
18:34:24.923396: 10 80 a0 00 00 00 00 00
18:34:24.943847: 10 80 a0 00 00 00 00 00
18:34:24.964350: 10 80 a0 00 00 00 00 00
18:34:24.984921: 10 80 a0 00 00 00 00 00
18:34:25.005663: 10 80 a0 00 00 00 00 00
18:34:25.025699: 10 80 a0 00 00 00 00 00
18:34:25.045747: 10 80 a0 00 00 00 00 00
18:34:25.062772: 10 80 a0 00 00 00 00 00
18:34:25.083305: 10 80 a0 00 00 00 00 00
18:34:25.103668: 10 80 a0 00 00 00 00 00
18:34:25.124100: 10 80 a0 00 00 00 00 00
18:34:25.144568: 10 80 a0 00 00 00 00 00
18:34:25.165112: 10 80 a0 00 00 00 00 00
18:34:25.185483: 10 80 a0 00 00 00 00 00
18:34:25.205707: 10 80 a0 00 00 00 00 00
18:34:25.225852: 10 80 a0 00 00 00 00 00
18:34:25.242946: 10 80 a0 00 00 00 00 00
18:34:25.263436: 10 80 a0 00 00 00 00 00
18:34:25.283806: 10 80 a0 00 00 00 00 00
18:34:25.304283: 10 80 a0 00 00 00 00 00
18:34:25.324746: 10 80 a0 00 00 00 00 00
18:34:25.345294: 10 80 a0 00 00 00 00 00
18:34:25.365614: 10 80 a0 00 00 00 00 00
18:34:25.385760: 10 80 a0 00 00 00 00 00
18:34:25.402763: 10 80 a0 00 00 00 00 00
18:34:25.424185: 10 80 a0 00 00 00 00 00
18:34:25.443567: 10 80 a0 00 00 00 00 00
18:34:25.464044: 10 80 a0 00 00 00 00 00
18:34:25.484529: 10 80 a0 00 00 00 00 00
18:34:25.505033: 10 80 a0 00 00 00 00 00
18:34:25.525435: 10 80 a0 00 00 00 00 00
18:34:25.545642: 10 80 a0 00 00 00 00 00
18:34:25.565834: 10 80 a0 00 00 00 00 00
18:34:25.582897: 10 80 a0 00 00 00 00 00
18:34:25.603407: 10 80 a0 00 00 00 00 00
18:34:25.623832: 10 80 a0 00 00 00 00 00
18:34:25.644248: 10 80 a0 00 00 00 00 00
18:34:25.664733: 10 80 a0 00 00 00 00 00
18:34:25.685171: 10 80 a0 00 00 00 00 00
18:34:25.705616: 10 80 a0 00 00 00 00 00
18:34:25.725712: 10 80 a0 00 00 00 00 00
18:34:25.745922: 10 80 a0 00 00 00 00 00
18:34:25.763170: 10 80 a0 00 00 00 00 00
18:34:25.783663: 10 80 a0 00 00 00 00 00
18:34:25.803981: 10 80 a0 00 00 00 00 00
18:34:25.824972: 10 80 a0 00 00 00 00 00
18:34:25.844992: 10 80 a0 00 00 00 00 00
18:34:25.865383: 10 80 a0 00 00 00 00 00
18:34:25.885595: 10 80 a0 00 00 00 00 00
